"Time (s)","Linear Acceleration x (m/s^2)","Linear Acceleration y (m/s^2)","Linear Acceleration z (m/s^2)","Absolute acceleration (m/s^2)"
-8.539166301E-4,3.653533298E-1,7.251523894E-1,1.743277180E-1,8.304933454E-1
9.105083416E-3,6.774782860E-1,7.721248269E-1,6.023479968E-1,1.190788262E0
1.906308334E-2,1.094031590E0,9.748016006E-1,1.081561818E0,1.821241128E0
2.902208338E-2,1.533831670E0,1.222061055E0,1.650363169E0,2.563156531E0
3.898108331E-2,1.793414131E0,1.094636192E0,1.964241706E0,2.876248966E0
4.893908335E-2,2.028811339E0,7.277503073E-1,2.000955788E0,2.941006634E0
5.889808340E-2,2.053144526E0,9.201266259E-1,1.321502897E0,2.609292119E0
6.885608332E-2,2.276667209E0,1.925840117E0,4.206159496E-1,3.011476633E0
7.881508337E-2,2.803708915E0,1.852188004E0,1.193463492E-1,3.362384218E0
8.877408342E-2,2.494544989E0,1.525182468E0,2.354720521E-1,2.933322920E0
9.873208334E-2,1.936209569E0,1.579301373E0,4.260901129E-1,2.534689943E0
1.086910834E-1,1.571442130E0,1.674798684E0,6.494426411E-1,2.386662260E0
1.186490834E-1,1.729590018E0,1.689534252E0,5.572086614E-1,2.481227339E0
1.286080834E-1,1.649708866E0,1.587579861E0,5.583313268E-1,2.356625347E0
1.385670834E-1,9.243044615E-1,9.908118618E-1,4.694577420E-1,1.434028401E0
1.485250833E-1,9.012114680E-1,8.818612772E-1,6.108703136E-2,1.262375953E0
1.584840834E-1,8.748633295E-1,9.362678647E-1,4.211983323E-2,1.282091042E0
1.684420834E-1,7.043094045E-1,8.329019558E-1,6.927722633E-2,1.092966943E0
1.784010833E-1,6.076824117E-1,7.193349946E-1,7.438827753E-2,9.445921679E-1
1.883600834E-1,4.468793035E-1,7.503497958E-1,1.718321264E-1,8.900855058E-1
1.983180834E-1,3.713122272E-1,8.756047565E-1,3.312892056E-1,1.007129087E0
2.082770834E-1,5.632558519E-1,9.036287069E-1,4.537261006E-1,1.157440871E0
2.182360834E-1,8.799784738E-1,8.055814254E-1,4.945232937E-1,1.291463060E0
2.281940833E-1,1.109153367E0,7.109775692E-1,5.839690286E-1,1.441086438E0
2.381530834E-1,1.134006665E0,7.308890927E-1,7.459906965E-1,1.541645906E0
2.481110834E-1,9.921739706E-1,1.016651877E0,1.002894548E0,1.738904167E0
2.580700833E-1,7.110939288E-1,1.393575093E0,1.415125006E0,2.109569837E0
2.680280834E-1,5.584023705E-1,1.651622660E0,1.810115533E0,2.513202909E0
2.779870834E-1,7.113690403E-1,1.762527384E0,2.118574870E0,2.846209438E0
2.879460834E-1,8.443236145E-1,1.897287578E0,2.490133557E0,3.242429282E0
2.979040834E-1,1.155360112E0,1.622238062E0,2.612160855E0,3.284797961E0
3.078630833E-1,1.421383573E0,1.124821858E0,2.482052120E0,3.073457044E0
3.178220834E-1,1.580314403E0,5.439536083E-1,2.065924201E0,2.657314800E0
3.277800834E-1,1.441848828E0,1.233247948E-1,1.599826269E0,2.157216062E0
3.377390833E-1,1.270432731E0,-1.466657102E-2,1.210183021E0,1.754638816E0
3.476970834E-1,1.252872958E0,-1.208479142E-1,8.213279772E-1,1.502955260E0
3.576560834E-1,1.408669680E0,-3.705170059E-1,4.959188779E-1,1.538690564E0
3.676150833E-1,1.592044795E0,-7.918129867E-1,2.648360382E-1,1.797696460E0
3.775730834E-1,1.546942589E0,-1.335949613E0,1.637401646E-1,2.050513005E0
3.875320833E-1,1.287249908E0,-1.935357630E0,2.391867882E-1,2.336628297E0
3.974900834E-1,8.722896776E-1,-2.586032864E0,4.532163696E-1,2.766561102E0
4.074490834E-1,2.120364118E-1,-3.246281744E0,7.697672296E-1,3.343029493E0
4.174080833E-1,-6.248360959E-1,-3.888099616E0,1.049226277E0,4.075366800E0
4.273660834E-1,-1.482412425E0,-4.437220409E0,1.265783025E0,4.846511964E0
4.373250834E-1,-2.311484162E0,-4.885497197E0,1.453741772E0,5.596821154E0
4.472830833E-1,-2.941091001E0,-5.220342679E0,1.549899234E0,6.189037211E0
4.572420834E-1,-3.285293198E0,-5.503440887E0,1.481243566E0,6.578380918E0
4.672010833E-1,-3.445610402E0,-5.756392021E0,1.223718156E0,6.819513639E0
4.771590834E-1,-3.585272025E0,-5.948562518E0,8.504307389E-1,6.997342636E0
4.871180834E-1,-3.656286459E0,-6.125384073E0,4.681994212E-1,7.148983943E0
4.970760833E-1,-3.619512151E0,-6.323080773E0,2.220141006E-1,7.289136364E0
5.070350834E-1,-3.575199611E0,-6.546574804E0,1.775887102E-1,7.461315680E0
5.169940834E-1,-3.619625587E0,-6.783427969E0,2.909457564E-1,7.694233804E0
5.269520833E-1,-3.796966082E0,-7.029423255E0,4.784671319E-1,8.003666255E0
5.369110834E-1,-4.030013002E0,-7.311736182E0,5.938022912E-1,8.369891992E0
5.468690834E-1,-4.320216454E0,-7.595093422E0,5.895162821E-1,8.757696258E0
5.568280834E-1,-4.464458786E0,-7.823054141E0,4.113013351E-1,9.016692139E0
5.667870834E-1,-4.520548202E0,-7.986731740E0,8.066233993E-2,9.177676522E0
5.767450833E-1,-4.585296468E0,-7.978399458E0,-2.502526438E-1,9.205565056E0
5.867040834E-1,-4.570636621E0,-7.858920962E0,-4.616014230E-1,9.103100223E0
5.966620834E-1,-4.712104156E0,-7.679312038E0,-5.072529745E-1,9.024027069E0
6.066210833E-1,-4.920197498E0,-7.600878657E0,-3.884673733E-1,9.062704159E0
6.165800834E-1,-5.007785865E0,-7.513041784E0,-2.295564240E-1,9.031966135E0
6.265380834E-1,-4.857082652E0,-7.367558965E0,-1.855122721E-1,8.826471084E0
6.364970834E-1,-4.339863099E0,-7.215447743E0,-5.109530926E-1,8.435530268E0
6.464550834E-1,-3.993260036E0,-7.082242323E0,-1.162527044E0,8.213145023E0
6.564140833E-1,-3.757197122E0,-6.711137672E0,-1.693515621E0,7.875525013E0
6.663730834E-1,-3.005512115E0,-6.096769554E0,-1.906336144E0,7.059590609E0
6.763310834E-1,-2.154835500E0,-5.188146740E0,-1.803545017E0,5.900250610E0
6.862900833E-1,-1.489158357E0,-4.288520452E0,-1.745397965E0,4.863683207E0
6.962490834E-1,-7.519226968E-1,-3.540671511E0,-1.786122068E0,4.036331816E0
7.062070834E-1,6.762304902E-3,-2.857664098E0,-1.902322031E0,3.432946101E0
7.161660834E-1,8.270600027E-1,-2.073099319E0,-1.778844770E0,2.854129946E0
7.261240834E-1,2.020421754E0,-7.744929492E-1,-8.771596773E-1,2.334813160E0
7.360830833E-1,3.448211828E0,9.241477561E-1,9.075796705E-1,3.683465046E0
7.460420834E-1,5.045454798E0,2.526117615E0,2.798777373E0,6.298494987E0
7.560000834E-1,6.896642343E0,3.906049984E0,4.082480360E0,8.915578948E0
7.659590833E-1,8.623238586E0,5.106178717E0,4.519155103E0,1.099345567E1
7.759170834E-1,9.687072816E0,6.208922659E0,4.240348166E0,1.226257122E1
7.858760834E-1,1.028795375E1,6.999605379E0,3.729195976E0,1.299012588E1
7.958350834E-1,1.066803212E1,7.561508769E0,3.528990236E0,1.354389517E1
8.057930834E-1,1.095453984E1,8.177235780E0,3.855890521E0,1.420341578E1
8.157520833E-1,1.122906778E1,8.788314255E0,4.642412655E0,1.499594699E1
8.257100834E-1,1.143641824E1,9.082533867E0,5.565005051E0,1.562860726E1
8.356690834E-1,1.143186092E1,8.903735953E0,6.184615198E0,1.575479048E1
8.456280833E-1,1.105158608E1,8.409823401E0,6.378501853E0,1.528227635E1
8.555860834E-1,1.027619617E1,7.815251032E0,6.373620597E0,1.439796499E1
8.655450834E-1,9.514820859E0,7.267884403E0,6.285009552E0,1.352240011E1
8.755030833E-1,8.920765384E0,6.786608854E0,6.034979687E0,1.273024330E1
8.854620834E-1,8.473507766E0,6.471094267E0,5.448896306E0,1.197354859E1
8.954210833E-1,8.145380149E0,6.142157396E0,4.652106169E0,1.121228822E1
9.053790834E-1,7.808653033E0,5.616680989E0,3.747341348E0,1.032301965E1
9.153380834E-1,7.279880551E0,4.926563947E0,2.881887650E0,9.250565906E0
9.252960833E-1,6.487875191E0,4.178898023E0,2.242299906E0,8.036393597E0
9.352550834E-1,5.551724271E0,3.433108470E0,1.813961831E0,6.774830896E0
9.452140834E-1,4.552356178E0,2.778686925E0,1.540215367E0,5.551334180E0
9.551720833E-1,3.597404705E0,2.221224495E0,1.404896472E0,4.455209643E0
9.651310834E-1,2.760877476E0,1.772134944E0,1.370719496E0,3.555527898E0
9.750890834E-1,2.151883534E0,1.398662170E0,1.343432879E0,2.896838019E0
9.850480834E-1,1.728808830E0,1.022501432E0,1.236279144E0,2.358532440E0
9.950070834E-1,1.370220729E0,5.200922906E-1,9.661557613E-1,1.755408155E0
1.004965083E0,1.013811885E0,-9.566044807E-3,5.806466407E-1,1.168356353E0
1.014924083E0,6.623106086E-1,-3.653316951E-1,2.722567396E-1,8.038944719E-1
1.024882083E0,2.616009200E-1,-6.882640600E-1,1.824725971E-2,7.365293070E-1
1.034841083E0,-1.848386729E-1,-1.117481264E0,-6.970831230E-2,1.134807895E0
1.044800083E0,-5.089819962E-1,-1.522728392E0,3.061017394E-2,1.605833556E0
1.054758083E0,-8.310855183E-1,-1.910682964E0,5.837816253E-2,2.084423311E0
1.064717083E0,-1.055630586E0,-2.193649610E0,-3.186220899E-3,2.434433137E0
1.074676083E0,-1.088166833E0,-2.425830849E0,-1.102610186E-1,2.660999786E0
1.084634083E0,-1.077347730E0,-2.624278332E0,-1.726326833E-1,2.842062093E0
1.094593083E0,-1.185406322E0,-2.696699021E0,-2.443704180E-1,2.955857010E0
1.104551083E0,-1.312241200E0,-2.786943778E0,-2.595123676E-1,3.091339396E0
1.114510083E0,-1.401630802E0,-2.988114309E0,-1.563668622E-1,3.304216492E0
1.124469083E0,-1.411466403E0,-3.311251327E0,-6.185531896E-2,3.600062338E0
1.134427083E0,-1.477962694E0,-3.727816910E0,-2.405661464E-2,4.010183457E0
1.144386083E0,-1.716815313E0,-4.068921837E0,2.384669960E-2,4.416350122E0
1.154344083E0,-2.026480638E0,-4.250992438E0,1.106223035E-1,4.710604821E0
1.164303083E0,-2.338748851E0,-4.398604227E0,1.844819927E-1,4.985127776E0
1.174262083E0,-2.566424519E0,-4.606749902E0,2.586387022E-1,5.279732327E0
1.184220083E0,-2.761399047E0,-4.852359856E0,1.853485501E-1,5.586150281E0
1.194179083E0,-2.850266200E0,-5.088358158E0,1.392101448E-2,5.832289426E0
1.204137083E0,-2.785582839E0,-5.274249330E0,-1.517446748E-1,5.966590667E0
1.214096083E0,-2.615161646E0,-5.428164418E0,-3.454184540E-1,6.035176326E0
1.224055083E0,-2.513263680E0,-5.555638981E0,-4.803709487E-1,6.116565627E0
1.234013083E0,-2.611315347E0,-5.607498522E0,-3.642160098E-1,6.196423228E0
1.243972083E0,-2.731038257E0,-5.721953090E0,-9.850453377E-2,6.341058293E0
1.253930083E0,-2.850833380E0,-5.877792497E0,2.457795238E-1,6.537285612E0
1.263889083E0,-2.943669331E0,-6.045977131E0,6.949369756E-1,6.760322921E0
1.273848083E0,-3.021884319E0,-6.257368010E0,1.045332470E0,7.027030612E0
1.283806083E0,-3.155604001E0,-6.454194644E0,1.281327263E0,7.297688995E0
1.293765083E0,-3.302745967E0,-6.554708281E0,1.420259446E0,7.475925927E0
1.303723083E0,-3.306677342E0,-6.606329255E0,1.343287868E0,7.508803072E0
1.313682083E0,-3.157223095E0,-6.657574253E0,1.034968865E0,7.440598978E0
1.323641083E0,-2.927696784E0,-6.753976128E0,6.068590872E-1,7.386195228E0
1.333599083E0,-2.699260979E0,-6.751695129E0,2.381828213E-1,7.275172026E0
1.343558083E0,-2.514278757E0,-6.595950447E0,1.104304965E-1,7.059770171E0
1.353516083E0,-2.442643349E0,-6.400901366E0,2.931618512E-1,6.857403933E0
1.363475083E0,-2.576073301E0,-6.231389415E0,7.996114182E-1,6.790121215E0
1.373434083E0,-2.984712692E0,-6.119891199E0,1.396193476E0,6.950606762E0
1.383392083E0,-3.507967741E0,-6.053431161E0,1.841570045E0,7.234725062E0
1.393351083E0,-3.934942830E0,-6.070516140E0,2.000611972E0,7.505823709E0
1.403309083E0,-4.279150582E0,-6.119695317E0,1.897492815E0,7.704692042E0
1.413268083E0,-4.283444192E0,-5.994515786E0,1.559151868E0,7.530807938E0
1.423227083E0,-3.503647818E0,-5.800805132E0,9.022265446E-1,6.836585475E0
1.433185083E0,-2.347546864E0,-5.283551665E0,1.031741019E-1,5.782520158E0
1.443144083E0,-1.447288200E0,-4.291480313E0,-3.892351127E-1,4.545651811E0
1.453102083E0,-8.556528872E-1,-3.542532095E0,-6.013194716E-1,3.693678466E0
1.463061083E0,-7.795233089E-1,-3.183102579E0,-7.408679509E-1,3.359863679E0
1.473020083E0,-1.300254700E0,-3.189850266E0,-8.615650070E-1,3.550788823E0
1.482978083E0,-2.021306730E0,-3.285050538E0,-6.394538426E-1,3.909749244E0
1.492937083E0,-1.865972815E0,-2.939199427E0,1.476005338E-2,3.481517726E0
1.502895083E0,-3.657287210E-1,-2.266619938E0,2.887506386E-1,2.314022552E0
1.512854083E0,1.679327352E0,-1.469712857E0,-8.303046227E-5,2.231635330E0
1.522812458E0,3.402464383E0,-3.706199169E-1,-3.411563820E-1,3.439550941E0
1.532770458E0,4.434088055E0,7.111272579E-1,-6.101277903E-1,4.532007809E0
1.542729458E0,4.577032598E0,1.359631421E0,-9.756950551E-1,4.873377252E0
1.552688458E0,3.964564240E0,1.385324087E0,-1.476357779E0,4.451575533E0
1.562646458E0,2.821063451E0,1.049433707E0,-1.927511397E0,3.574214639E0
1.572605458E0,1.228203555E0,5.892151505E-1,-1.952351539E0,2.380616516E0
1.582563458E0,-1.346508515E-1,3.457663268E-1,-1.249254262E0,1.303196614E0
1.592522458E0,-7.558871090E-2,5.488278472E-1,-2.742138027E-1,6.181576407E-1
1.602481458E0,1.411074055E0,1.551254618E0,8.190170114E-1,2.251290684E0
1.612439458E0,3.673543639E0,3.122358779E0,1.639413089E0,5.092319952E0
1.622398458E0,5.913624235E0,4.352025307E0,1.600674115E0,7.514867497E0
1.632356458E0,7.477849147E0,5.229380136E0,8.181131780E-1,9.161547557E0
1.642315458E0,8.217126070E0,5.802957492E0,-2.492627102E-1,1.006268396E1
1.652274458E0,8.169763623E0,5.928969083E0,-1.067741339E0,1.015075286E1
1.662232458E0,7.622723270E0,5.839626551E0,-1.038510085E0,9.658449747E0
1.672191458E0,7.160248273E0,5.933731055E0,-1.551795486E-1,9.300666657E0
1.682149458E0,7.285933589E0,6.335295607E0,1.048089432E0,9.711811888E0
1.692108458E0,7.996672007E0,7.046938004E0,2.093946397E0,1.086235287E1
1.702067458E0,9.104886603E0,7.795523695E0,2.869620484E0,1.232492886E1
1.712025458E0,1.036298288E1,8.241974398E0,3.164806934E0,1.361387377E1
1.721984458E0,1.127344230E1,8.237771419E0,2.928036800E0,1.426621109E1
1.731942458E0,1.168301637E1,7.754495537E0,2.307593425E0,1.421091341E1
1.741901458E0,1.167438705E1,7.000975966E0,1.817926536E0,1.373352957E1
1.751860458E0,1.106935577E1,6.174160962E0,1.714844509E0,1.279029289E1
1.761818458E0,9.899483449E0,5.461825084E0,1.951735388E0,1.147347275E1
1.771777458E0,8.666408579E0,4.895346832E0,2.278510251E0,1.021090923E1
1.781735458E0,7.647084525E0,4.307926776E0,2.432550470E0,9.107877723E0
1.791694458E0,6.983209786E0,3.632793224E0,2.311368387E0,8.203952056E0
1.801653458E0,6.043290920E0,3.229077482E0,2.242681583E0,7.209571916E0
1.811611458E0,5.392352561E0,2.788530713E0,2.182353813E0,6.451049360E0
1.821570458E0,5.008002797E0,2.214818870E0,1.987855101E0,5.825554269E0
1.831528458E0,4.690916478E0,1.711848981E0,1.911624805E0,5.346908801E0
1.841487458E0,4.367409917E0,1.194704272E0,1.905445175E0,4.912464655E0
1.851446458E0,3.900575820E0,7.066219783E-1,1.840636244E0,4.370554671E0
1.861404458E0,3.306622671E0,4.361946863E-1,1.797376204E0,3.788743923E0
1.871363458E0,2.698213450E0,1.838317823E-1,1.745417261E0,3.218793464E0
1.881321458E0,2.096589339E0,-1.206800991E-1,1.671781959E0,2.684232751E0
1.891280458E0,1.585666067E0,-4.822719151E-1,1.491852754E0,2.229921011E0
1.901239458E0,1.138804305E0,-8.321155053E-1,1.130288347E0,1.807441066E0
1.911197458E0,8.473378542E-1,-1.175138319E0,6.948929753E-1,1.606800471E0
1.921156458E0,7.080565926E-1,-1.544539676E0,2.861959901E-1,1.723036591E0
1.931114458E0,5.618396562E-1,-1.813031539E0,6.228739165E-2,1.899112130E0
1.941073458E0,3.862480626E-1,-2.039650907E0,-1.565537173E-2,2.075959652E0
1.951032458E0,2.667534864E-1,-2.310135502E0,5.731608890E-2,2.326191865E0
1.960990458E0,7.121674776E-2,-2.672934183E0,1.804871384E-1,2.679967272E0
1.970949458E0,-2.686269343E-1,-3.130478808E0,3.165167999E-1,3.157885508E0
1.980907458E0,-6.005596259E-1,-3.540581464E0,5.383379424E-1,3.631280312E0
1.990866458E0,-8.535212848E-1,-3.857477748E0,8.057521641E-1,4.032104873E0
2.000825458E0,-1.094159937E0,-4.244387423E0,9.379401684E-1,4.482381323E0
2.010783458E0,-1.388962516E0,-4.699463353E0,8.500641185E-1,4.973608518E0
2.020742458E0,-1.718236187E0,-5.155300591E0,6.621398699E-1,5.474293469E0
2.030700458E0,-2.022406152E0,-5.663056426E0,5.022173524E-1,6.034281813E0
2.040659458E0,-2.382788033E0,-6.128925147E0,4.606483269E-1,6.591934401E0
2.050618458E0,-2.782250218E0,-6.527186022E0,5.609117031E-1,7.117562475E0
2.060576458E0,-3.143895829E0,-6.826152404E0,6.618615425E-1,7.544434924E0
2.070535458E0,-3.487473543E0,-7.053477530E0,7.054385018E-1,7.900105092E0
2.080493458E0,-3.719532283E0,-7.176813435E0,7.666986108E-1,8.119692004E0
2.090452458E0,-3.645824913E0,-7.144935000E0,8.431357527E-1,8.065544827E0
2.100411458E0,-3.286094559E0,-6.982582380E0,9.227631354E-1,7.772153237E0
2.110369458E0,-2.922397745E0,-6.742123822E0,1.019895912E0,7.418681142E0
2.120328458E0,-2.657014554E0,-6.600772061E0,1.092458689E0,7.198846028E0
2.130287458E0,-2.400774507E0,-6.543623714E0,1.134442867E0,7.061847504E0
2.140245458E0,-2.152695858E0,-6.421322182E0,1.032969117E0,6.850876092E0
2.150204458E0,-1.983807659E0,-6.352599272E0,8.222986150E-1,6.705757627E0
2.160162458E0,-1.946250408E0,-6.352971740E0,7.034750068E-1,6.681543060E0
2.170121458E0,-1.990275118E0,-6.349459317E0,6.780080438E-1,6.688536729E0
2.180080458E0,-2.027589270E0,-6.306051342E0,6.669030118E-1,6.657489122E0
2.190038458E0,-2.086345309E0,-6.188057454E0,6.162298715E-1,6.559316356E0
2.199997458E0,-2.146488015E0,-6.070037838E0,3.425743318E-1,6.447490002E0
2.209955458E0,-2.205855381E0,-5.781575979E0,-6.681960505E-2,6.188447594E0
2.219914458E0,-2.179046482E0,-5.404428815E0,-2.663734174E-1,5.833270882E0
2.229873458E0,-2.035476726E0,-5.120419611E0,-3.653083062E-1,5.522256120E0
2.239831458E0,-1.924513384E0,-4.928959551E0,-5.076038074E-1,5.315642543E0
2.249790458E0,-2.058757561E0,-4.942246764E0,-6.541443872E-1,5.393717702E0
2.259748458E0,-2.267767454E0,-5.089887789E0,-6.116386378E-1,5.605696099E0
2.269707458E0,-2.290374544E0,-5.107813014E0,-3.695077765E-1,5.610000475E0
2.279666458E0,-2.020863072E0,-5.067192991E0,-2.017359567E-1,5.459031944E0
2.289624458E0,-1.586603668E0,-4.884386811E0,-1.938486475E-1,5.139272615E0
2.299583458E0,-1.268435030E0,-4.603036920E0,-2.317263258E-1,4.780227338E0
2.309541458E0,-9.620646107E-1,-4.404047985E0,-1.940281205E-1,4.512078665E0
2.319500458E0,-8.267214489E-1,-4.196538488E0,-7.601259749E-2,4.277871147E0
2.329459458E0,-8.369561228E-1,-3.914027925E0,1.696932149E-1,4.006108577E0
2.339417458E0,-9.729787311E-1,-3.690997578E0,4.706009457E-1,3.845986997E0
2.349376458E0,-1.237647100E0,-3.717460907E0,5.907243168E-1,3.962352982E0
2.359334458E0,-1.864648713E0,-3.956859949E0,4.702130561E-1,4.399404027E0
2.369293458E0,-2.462114869E0,-4.069770852E0,2.980454457E-1,4.765907627E0
2.379252458E0,-2.289215626E0,-3.783321605E0,2.835946369E-1,4.431078476E0
2.389210458E0,-1.552081122E0,-3.079499273E0,5.389004445E-1,3.490370363E0
2.399169458E0,-7.553175902E-1,-2.309614515E0,9.222554509E-1,2.599111191E0
2.409127458E0,-1.141668856E-1,-1.409946127E0,1.301461419E0,1.922182089E0
2.419086458E0,4.379412496E-1,-6.952596688E-1,1.437650235E0,1.655903603E0
2.429045458E0,9.656840372E-1,-5.205846262E-1,1.181821686E0,1.612531088E0
2.439003458E0,1.279878323E0,-9.681041998E-1,4.060337247E-1,1.655348196E0
2.448962458E0,1.353098912E0,-6.469604981E-1,1.176522647E-1,1.504419026E0
2.458920458E0,2.367681459E0,-9.766194999E-2,6.859389147E-1,2.466974978E0
2.468879458E0,3.605819433E0,9.626604420E-1,1.765832522E0,4.128778682E0
2.478838458E0,4.750071005E0,2.369333298E0,2.772068462E0,5.988428707E0
2.488796458E0,5.741716095E0,3.878689107E0,3.400030479E0,7.718273133E0
2.498755458E0,6.792543778E0,4.874396258E0,3.462841270E0,9.049290553E0
2.508713458E0,7.539100485E0,5.293833409E0,2.940330571E0,9.669966502E0
2.518672458E0,7.860368732E0,5.514889736E0,2.481531133E0,9.917530044E0
2.528631792E0,8.024350387E0,5.897194144E0,2.439000241E0,1.025260065E1
2.538589792E0,8.326913976E0,6.505095826E0,2.691287716E0,1.090398082E1
2.548548792E0,9.011355127E0,7.436712815E0,3.139379439E0,1.209813713E1
2.558506792E0,1.013360363E1,8.514772151E0,3.451428674E0,1.367858279E1
2.568465792E0,1.151560240E1,9.306280498E0,3.289248547E0,1.516690843E1
2.578424792E0,1.266368097E1,9.464088662E0,2.591972466E0,1.602049036E1
2.588382792E0,1.313480751E1,9.080687317E0,1.640114462E0,1.605216577E1
2.598341792E0,1.276165341E1,8.383521456E0,8.612635830E-1,1.529329934E1
2.608299792E0,1.188610303E1,7.461298018E0,5.460808253E-1,1.404452269E1
2.618258792E0,1.072968750E1,6.483286881E0,6.901316607E-1,1.255529706E1
2.628217792E0,9.400934055E0,5.563174288E0,1.114538653E0,1.098037639E1
2.638175792E0,8.098824034E0,4.750789627E0,1.511478349E0,9.510284939E0
2.648134792E0,6.914090434E0,4.109916081E0,1.697197905E0,8.220494964E0
2.658092792E0,5.966595331E0,3.493925360E0,1.573997071E0,7.091208715E0
2.668051792E0,5.135874386E0,2.852381723E0,1.195419971E0,5.995191082E0
2.678010792E0,4.352665578E0,2.262140971E0,8.073598561E-1,4.971399133E0
2.687968792E0,3.616741447E0,1.735301578E0,5.845049259E-1,4.053854496E0
2.697927792E0,2.963775274E0,1.203752253E0,5.429373622E-1,3.244651652E0
2.707886792E0,2.356892762E0,7.120587194E-1,6.574682370E-1,2.548379013E0
2.717844792E0,1.887004665E0,3.555417019E-1,9.215092000E-1,2.129876924E0
2.727803792E0,1.580896493E0,4.978436351E-2,1.206377507E0,1.989235756E0
2.737761792E0,1.333442327E0,-2.150904125E-1,1.371362690E0,1.924829330E0
2.747720792E0,1.035469971E0,-5.029324669E-1,1.333938609E0,1.761968031E0
2.757679792E0,6.513155043E-1,-7.521554160E-1,1.150631468E0,1.521151679E0
2.767637792E0,3.179756802E-1,-9.855277330E-1,9.541856338E-1,1.408134819E0
2.777596792E0,5.331929773E-2,-1.356990234E0,8.233807884E-1,1.588150297E0
2.787554792E0,-2.726223367E-1,-1.798493022E0,7.229360023E-1,1.957431111E0
2.797513792E0,-6.389957133E-1,-2.235292895E0,7.220058565E-1,2.434366921E0
2.807472792E0,-9.821655840E-1,-2.618320019E0,8.329048795E-1,2.917872426E0
2.817430792E0,-1.294591964E0,-2.940192869E0,9.242793185E-1,3.342902140E0
2.827389792E0,-1.498930517E0,-3.225981381E0,8.248924398E-1,3.651601854E0
2.837347792E0,-1.476988840E0,-3.450822610E0,5.691773272E-1,3.796529409E0
2.847306792E0,-1.341708536E0,-3.646757544E0,2.390423620E-1,3.893091783E0
2.857265792E0,-1.251129026E0,-3.898174953E0,-1.343302779E-1,4.096234421E0
2.867223792E0,-1.145631514E0,-4.256387079E0,-5.065912159E-1,4.436883725E0
2.877182792E0,-1.136653992E0,-4.570281402E0,-6.675212087E-1,4.756578493E0
2.887140792E0,-1.253903237E0,-4.849029867E0,-5.175044592E-1,5.035193625E0
2.897099792E0,-1.415744811E0,-5.140156302E0,-1.520778930E-1,5.333729265E0
2.907058792E0,-1.666227250E0,-5.397381751E0,3.263399760E-1,5.658139340E0
2.917016792E0,-1.937349776E0,-5.612866850E0,7.661277764E-1,5.987031836E0
2.926975792E0,-2.036393131E0,-5.703547225E0,1.076450182E0,6.151105017E0
2.936933792E0,-1.979045978E0,-5.752798907E0,1.125952710E0,6.187009597E0
2.946892792E0,-1.880731479E0,-5.790298855E0,8.445439084E-1,6.146378295E0
2.956851792E0,-1.766851838E0,-5.804808721E0,3.767535000E-1,6.079433601E0
2.966809792E0,-1.678587679E0,-5.902492306E0,-1.798030508E-1,6.139169419E0
2.976768792E0,-1.738361865E0,-6.050691156E0,-6.953802676E-1,6.333744481E0
2.986726792E0,-1.876354546E0,-6.218264755E0,-9.457193041E-1,6.563680975E0
2.996685792E0,-2.199292173E0,-6.339821352E0,-9.077369606E-1,6.771573468E0
3.006644792E0,-2.572584853E0,-6.430834433E0,-6.541081345E-1,6.957131721E0
3.016602792E0,-2.803814457E0,-6.584475871E0,-2.399358165E-1,7.160605226E0
3.026561792E0,-2.897499716E0,-6.760402218E0,1.088611221E-1,7.355976720E0
3.036519792E0,-2.891282956E0,-6.893412341E0,2.542965782E-1,7.479526562E0
3.046478792E0,-2.950041042E0,-6.787101774E0,1.932247496E-1,7.403028329E0
3.056437792E0,-2.956828782E0,-6.572216599E0,1.511505246E-2,7.206739619E0
3.066395792E0,-2.780238191E0,-6.330271094E0,-1.628702451E-1,6.915821227E0
3.076354792E0,-2.582786490E0,-5.994608172E0,-3.455752690E-1,6.536477297E0
3.086312792E0,-2.621810807E0,-5.644857552E0,-4.247727352E-1,6.238488644E0
3.096271792E0,-2.855203589E0,-5.459145890E0,-3.208713676E-1,6.169069607E0
3.106230792E0,-3.054173521E0,-5.542337151E0,-2.341134515E-1,6.332478669E0
3.116188792E0,-3.274629338E0,-5.640248192E0,-1.194371273E-1,6.523025540E0
3.126147792E0,-2.964589499E0,-5.405614631E0,1.590077206E-2,6.165201803E0
3.136105792E0,-2.213557041E0,-4.873382351E0,5.259336591E-2,5.352798929E0
3.146064792E0,-1.601314386E0,-4.344041519E0,1.301710072E-1,4.631614079E0
3.156023792E0,-1.429963777E0,-3.823293171E0,2.612756686E-1,4.090309530E0
3.165981792E0,-1.576251757E0,-3.154428418E0,4.132835412E-1,3.550463566E0
3.175940792E0,-1.669010232E0,-2.712711622E0,5.577422199E-1,3.233492830E0
3.185899792E0,-1.840705242E0,-2.503663137E0,5.038811776E-1,3.148082135E0
3.195857792E0,-2.184101984E0,-2.188042715E0,3.649489948E-1,3.113040342E0
3.205816792E0,-2.437979902E0,-1.637198748E0,5.338572210E-1,2.984823156E0
3.215774792E0,-1.849149498E0,-9.512706506E-1,1.000865564E0,2.307813163E0
3.225733792E0,-6.759632725E-1,-2.848541272E-1,1.264203400E0,1.461601333E0
3.235692792E0,5.071687746E-1,4.837150079E-1,1.129022498E0,1.328868758E0
3.245650792E0,1.208207247E0,1.533163333E0,5.937534669E-1,2.040318048E0
3.255609792E0,1.408493679E0,2.367579718E0,-4.899083787E-1,2.798088344E0
3.265567792E0,1.195221750E0,2.873648631E0,-1.510898890E0,3.459657056E0
3.275526792E0,8.867308384E-1,3.381112690E0,-1.449676788E0,3.784148172E0
3.285485792E0,1.147590331E0,3.894633880E0,-3.309465587E-1,4.073654655E0
3.295443792E0,2.065676279E0,4.377192308E0,8.078869826E-1,4.907087973E0
3.305402792E0,3.499873148E0,4.863770113E0,1.550287489E0,6.189407327E0
3.315360792E0,5.644190969E0,5.524519515E0,2.015214223E0,8.150969018E0
3.325319792E0,7.942399905E0,6.331873232E0,2.124351626E0,1.037724456E1
3.335278792E0,9.584034936E0,6.959623287E0,1.965073764E0,1.200631487E1
3.345236792E0,1.041435184E1,7.119471545E0,1.891297690E0,1.275627713E1
3.355195792E0,1.062003350E1,6.963604656E0,2.282674053E0,1.290300361E1
3.365153792E0,1.050530060E1,6.878676773E0,3.111125693E0,1.293663936E1
3.375112792E0,1.058430584E1,6.583933250E0,4.075154969E0,1.311421348E1
3.385071792E0,1.078933612E1,6.316666378E0,4.845845473E0,1.340866385E1
3.395029792E0,1.094230746E1,6.155510098E0,5.213989094E0,1.359448710E1
3.404988792E0,1.106031012E1,5.731346642E0,4.912269843E0,1.339063812E1
3.414946792E0,1.065468643E1,5.269206106E0,4.286825052E0,1.263581201E1
3.424905792E0,9.702779022E0,4.766215752E0,3.694241906E0,1.142401666E1
3.434864792E0,8.595263168E0,3.969835505E0,3.280899600E0,1.002010205E1
3.444822792E0,7.519104177E0,3.058055195E0,3.237742471E0,8.739084935E0
3.454781792E0,6.404141309E0,2.180344271E0,3.413075617E0,7.577335429E0
3.464739792E0,5.295454257E0,1.442509271E0,3.566788392E0,6.545582344E0
3.474698792E0,4.425669234E0,8.339924616E-1,3.493720708E0,5.699839996E0
3.484657792E0,3.879216526E0,2.269421339E-1,3.194250880E0,5.030214933E0
3.494615792E0,3.169774436E0,-3.202520013E-2,2.938174702E0,4.322194601E0
3.504574792E0,2.654510191E0,-4.268251079E-1,2.409349595E0,3.610203526E0
3.514532792E0,2.395821477E0,-1.019498886E0,1.924489118E0,3.237745650E0
3.524491167E0,1.884957262E0,-1.345501624E0,1.680307930E0,2.861271263E0
3.534450167E0,1.427202430E0,-1.820142923E0,1.480052488E0,2.745975674E0
3.544408167E0,8.340953726E-1,-2.185850594E0,1.369923105E0,2.711152379E0
3.554367167E0,1.386082470E-2,-2.096580568E0,1.572033868E0,2.620521453E0
3.564325167E0,1.726390421E-2,-2.262753174E0,1.225309768E0,2.573273013E0
3.574284167E0,6.569814563E-2,-2.183672506E0,5.483776116E-1,2.252434209E0
3.584243167E0,5.658262879E-2,-2.403359415E0,-9.246918395E-2,2.405803114E0
3.594201167E0,-1.602938157E-1,-2.701631733E0,-5.200981379E-1,2.755904606E0
3.604160167E0,-4.410996231E-1,-3.167975248E0,-7.556906426E-1,3.286594650E0
3.614118167E0,-1.012833645E0,-3.653193575E0,-7.597195204E-1,3.866371559E0
3.624077167E0,-1.725187649E0,-4.021517875E0,-4.290846182E-1,4.396929844E0
3.634036167E0,-2.123463727E0,-4.228981179E0,5.341373026E-2,4.732465852E0
3.643994167E0,-2.282743050E0,-4.436587155E0,4.166396237E-1,5.006776408E0
3.653953167E0,-2.558877225E0,-4.736939328E0,5.508327113E-1,5.412011042E0
3.663912167E0,-3.016831740E0,-5.000758097E0,5.495131409E-1,5.866073642E0
3.673870167E0,-3.528260503E0,-5.553759102E0,1.626419844E-1,6.581741012E0
3.683829167E0,-3.931638276E0,-6.367426057E0,-4.194535232E-1,7.495187482E0
3.693787167E0,-3.778125477E0,-5.864660236E0,3.178124698E-1,6.983514628E0
3.703746167E0,-4.147877959E0,-5.762127555E0,7.593182552E-1,7.140277987E0
3.713704167E0,-4.891130404E0,-6.247333018E0,4.578006963E-1,7.947446631E0
3.723663167E0,-5.328485763E0,-6.753190262E0,2.097980976E-3,8.602228993E0
3.733622167E0,-5.007157874E0,-6.836196166E0,-6.512722349E-1,8.498786003E0
3.743580167E0,-4.867093670E0,-6.300558468E0,-1.357688391E0,8.076444488E0
3.753539167E0,-4.725590174E0,-5.973148890E0,-1.777567592E0,7.821090506E0
3.763498167E0,-4.645436250E0,-6.038023163E0,-1.862852740E0,7.842705018E0
3.773456167E0,-4.604610406E0,-6.189152638E0,-1.679477041E0,7.894852151E0
3.783415167E0,-4.655882008E0,-6.159444104E0,-1.344445032E0,7.837315956E0
3.793373167E0,-4.855552728E0,-5.902732041E0,-1.069222439E0,7.717633995E0
3.803332167E0,-5.095390604E0,-5.998161525E0,-7.944167519E-1,7.910249368E0
3.813291167E0,-5.241296761E0,-5.610857162E0,-5.603901315E-1,7.698502902E0
3.823249167E0,-4.935202038E0,-5.289140434E0,-3.864494991E-1,7.244347376E0
3.833208167E0,-4.554233719E0,-5.060528335E0,-3.511405027E-1,6.817132201E0
3.843166167E0,-4.479938412E0,-4.739015089E0,-3.282229257E-1,6.529612736E0
3.853125167E0,-4.448255274E0,-4.615385070E0,-3.344782770E-1,6.418771693E0
3.863084167E0,-4.460490281E0,-4.813271220E0,-6.985949206E-1,6.599362715E0
3.873042167E0,-4.464320792E0,-5.126563280E0,-1.199432330E0,6.902930473E0
3.883001167E0,-3.937002220E0,-5.492429411E0,-1.356932931E0,6.892607220E0
3.892959167E0,-2.163814777E0,-4.727417722E0,-1.212800235E0,5.338675596E0
3.902918167E0,-4.209650284E-1,-3.071512561E0,-7.584645617E-1,3.191656225E0
3.912877167E0,7.366538626E-1,-1.849280183E0,-3.963090742E-1,2.029669183E0
3.922835167E0,1.402153543E0,-8.927669191E-1,-1.849673116E-1,1.672507171E0
3.932794167E0,1.401116831E0,-3.870798290E-1,-2.232408464E-1,1.470644636E0
3.942752167E0,9.788256544E-1,-2.920888871E-1,-6.669409456E-1,1.219928606E0
3.952711167E0,6.323600006E-1,-5.412942946E-1,-9.795319980E-1,1.285442188E0
3.962670167E0,5.355201691E-1,-1.162518273E0,-8.365606318E-1,1.529073012E0
3.972628167E0,7.041684866E-1,-1.157055804E0,-1.356846392E-2,1.354553615E0
3.982587167E0,1.479706333E0,-6.012393647E-1,1.238740676E0,2.021261504E0
3.992545167E0,3.362444869E0,2.026510459E-1,1.961460039E0,3.898003134E0
4.002504167E0,5.277669951E0,1.765148690E0,1.922458087E0,5.887732595E0
4.012463167E0,7.017418921E0,3.635752500E0,1.074986039E0,7.976118074E0
4.022421167E0,8.247804072E0,4.734527936E0,-1.189455226E-1,9.510845116E0
4.032380167E0,8.034037469E0,5.112841619E0,-1.258837848E0,9.605809711E0
4.042338167E0,6.792696975E0,4.593209504E0,-1.841889303E0,8.404216915E0
4.052297167E0,5.693661337E0,3.916120643E0,-1.452734005E0,7.061459934E0
4.062256167E0,4.695724059E0,3.583667842E0,-5.743132290E-1,5.934840800E0
4.072214167E0,3.461765090E0,2.884717995E0,8.734687686E-2,4.506999548E0
4.082173167E0,2.241796753E0,2.197141567E0,9.042590368E-1,3.266614173E0
4.092131167E0,1.391469510E0,1.970989392E0,1.910031292E0,3.077207520E0
4.102090167E0,9.300838494E-1,2.022256610E0,2.651565533E0,3.461990402E0
4.112049167E0,1.122657219E0,2.473407304E0,3.255681143E0,4.239995593E0
4.122007167E0,1.827033867E0,3.003348645E0,3.639514014E0,5.060061076E0
4.131966167E0,3.347129257E0,3.606038704E0,3.268945844E0,5.907012471E0
4.141924167E0,4.651895084E0,3.972526978E0,2.313360826E0,6.540086909E0
4.151883167E0,5.220802270E0,4.485078115E0,1.539335654E0,7.052819032E0
4.161842167E0,5.334227729E0,4.617131633E0,9.308100736E-1,7.116059118E0
4.171800167E0,5.148218443E0,4.555734699E0,1.026142493E0,6.950671925E0
4.181759167E0,4.948485158E0,4.526418514E0,1.670140207E0,6.911247227E0
4.191717167E0,4.682148578E0,4.353560202E0,2.283129844E0,6.788864678E0
4.201676167E0,4.585152626E0,4.253265835E0,2.943813465E0,6.912302987E0
4.211635167E0,4.739041402E0,4.132771093E0,3.398563120E0,7.147624892E0
4.221593167E0,4.906237271E0,3.870272040E0,3.633070967E0,7.228372879E0
4.231552167E0,5.169239768E0,3.586445269E0,3.774118672E0,7.336729598E0
4.241510167E0,5.135731714E0,3.275962211E0,3.845953470E0,7.204097913E0
4.251469167E0,4.740880351E0,2.988359308E0,3.732257578E0,6.733200167E0
4.261428167E0,4.204286633E0,2.778768201E0,3.520068554E0,6.147232014E0
4.271386167E0,3.577732333E0,2.416302812E0,3.241279744E0,5.398572246E0
4.281345167E0,3.006403230E0,2.050127363E0,2.966007156E0,4.694537362E0
4.291303167E0,2.578966504E0,1.741610724E0,2.747228613E0,4.151089157E0
4.301262167E0,2.220361446E0,1.379668660E0,2.579588940E0,3.672569898E0
4.311221167E0,1.768380446E0,1.051228802E0,2.423700124E0,3.179083781E0
4.321179167E0,1.310577667E0,7.334700537E-1,2.277717369E0,2.728294074E0
4.331138167E0,8.636507088E-1,4.686566734E-1,2.124546631E0,2.340775515E0
4.341096167E0,5.485217455E-1,4.372647268E-1,1.939524356E0,2.062481823E0
4.351055167E0,3.638178509E-1,3.215869206E-1,1.583500112E0,1.656277205E0
4.361014167E0,2.307983726E-1,-2.921736717E-2,1.163136908E0,1.186174107E0
4.370972167E0,2.268368840E-2,-4.227829278E-1,7.853664315E-1,8.922221615E-1
4.380931167E0,-2.613035890E-1,-8.200369120E-1,5.609004472E-1,1.027302007E0
4.390890167E0,-4.569280359E-1,-1.147644126E0,4.608398232E-1,1.318424671E0
4.400848167E0,-4.276925424E-1,-1.366584930E0,3.698381442E-1,1.478937299E0
4.410807167E0,-3.261734766E-1,-1.554712662E0,3.177501239E-1,1.620026462E0
4.420765167E0,-2.892608812E-1,-1.687204721E0,3.765584953E-1,1.752748678E0
4.430724167E0,-2.069268224E-1,-1.859561343E0,4.156547333E-1,1.916652278E0
4.440683167E0,-1.646070144E-1,-2.109676577E0,3.099427754E-1,2.138666700E0
4.450641167E0,-1.730144334E-1,-2.478965083E0,1.771718037E-1,2.491303218E0
4.460600167E0,-4.759598458E-1,-2.880731948E0,2.191996895E-2,2.919868972E0
4.470558167E0,-8.976911518E-1,-3.347123995E0,-5.668473579E-2,3.465876743E0
4.480517167E0,-1.255458596E0,-3.872672907E0,2.556870461E-2,4.071170040E0
4.490476167E0,-1.721809713E0,-4.320516416E0,1.874581524E-1,4.654742888E0
4.500434167E0,-2.100643360E0,-4.671166338E0,3.883059170E-1,5.136465610E0
4.510393167E0,-2.142713345E0,-4.884636487E0,5.202682918E-1,5.359251177E0
4.520351167E0,-2.324509273E0,-5.325517132E0,3.882024213E-1,5.823673858E0
4.530310833E0,-2.395336304E0,-5.627874314E0,2.798933129E-1,6.122821700E0
4.540268833E0,-2.465042570E0,-5.797325454E0,1.173442261E-1,6.300729082E0
4.550227833E0,-2.506059326E0,-5.997798997E0,-5.644898336E-2,6.500547103E0
4.560186833E0,-2.482333079E0,-6.132251628E0,-3.065204366E-1,6.622721670E0
4.570144833E0,-2.602907344E0,-6.205636523E0,-6.369108886E-1,6.759490127E0
4.580103833E0,-2.786967752E0,-6.359288487E0,-8.370575720E-1,6.993454417E0
4.590062833E0,-3.083695820E0,-6.580640098E0,-7.950967830E-1,7.310689632E0
4.600020833E0,-3.457359213E0,-6.846810617E0,-5.450657487E-1,7.689554280E0
4.609979833E0,-3.632096236E0,-7.097101852E0,-2.278700870E-1,7.975769715E0
4.619937833E0,-3.942957316E0,-7.426046909E0,2.478985548E-2,8.407954545E0
4.629896833E0,-4.193235980E0,-7.541683785E0,1.824600255E-1,8.630962516E0
4.639855833E0,-4.421714762E0,-7.436837946E0,1.412862535E-1,8.653212229E0
4.649813833E0,-4.473900870E0,-7.281473917E0,1.080327909E-2,8.546096659E0
4.659772833E0,-4.270135929E0,-7.136372337E0,-2.435956253E-1,8.319928474E0
4.669730833E0,-4.120418850E0,-6.774910330E0,-5.537558806E-1,7.948830546E0
4.679689833E0,-3.962253420E0,-6.447121852E0,-7.069248641E-1,7.600300988E0
4.689648833E0,-3.838490084E0,-6.325502105E0,-7.176229298E-1,7.433771969E0
4.699606833E0,-3.660337118E0,-6.316167610E0,-5.620443088E-1,7.321743980E0
4.709565833E0,-3.464775821E0,-6.265019091E0,-3.094627190E-1,7.165954429E0
4.719523833E0,-3.260779038E0,-6.214514936E0,-9.679422319E-2,7.018706786E0
4.729482833E0,-2.908776656E0,-6.137431676E0,9.291455906E-2,6.792472476E0
4.739441833E0,-2.355870668E0,-5.640677378E0,9.260173302E-2,6.113586751E0
4.749399833E0,-1.869521490E0,-4.763019079E0,-4.525218666E-2,5.116982422E0
4.759358833E0,-1.461210421E0,-4.202890318E0,-2.807365179E-2,4.449742807E0
4.769316833E0,-1.217830594E0,-3.754746262E0,1.368318629E-1,3.949677684E0
4.779275833E0,-1.081879030E0,-3.299078009E0,4.959579080E-1,3.507185793E0
4.789234833E0,-6.103428948E-1,-3.130142008E0,7.228971183E-1,3.269998117E0
4.799192833E0,1.395186585E-1,-2.803784929E0,9.368672043E-1,2.959458657E0
4.809151833E0,9.318002996E-1,-1.833896159E0,1.567571858E0,2.586253748E0
4.819109833E0,1.726684536E0,-6.868864560E-1,2.110810937E0,2.812254487E0
4.829068833E0,2.454410285E0,5.076687115E-1,2.160295923E0,3.308887403E0
4.839027833E0,3.128990691E0,1.522234887E0,1.929057986E0,3.978573426E0
4.848985833E0,3.495963115E0,2.375852358E0,1.486384877E0,4.480599573E0
4.858944833E0,3.434056304E0,3.116844855E0,7.526541835E-1,4.698292548E0
4.868902833E0,3.359105524E0,3.309042249E0,-1.131940551E-1,4.716583872E0
4.878861833E0,3.754648029E0,3.445689340E0,-4.129055187E-1,5.112792565E0
4.888820833E0,4.429744159E0,4.276372277E0,3.757233667E-1,6.168562330E0
4.898778833E0,5.759324400E0,5.274068066E0,1.442757193E0,7.941483478E0
4.908737833E0,7.920086930E0,6.829725053E0,2.420813646E0,1.073467559E1
4.918695833E0,9.074241346E0,7.847310145E0,3.147309726E0,1.240272918E1
4.928654833E0,9.731373076E0,8.600671257E0,3.505278899E0,1.345206855E1
4.938613833E0,1.074922656E1,9.080100256E0,3.533256949E0,1.450785983E1
4.948571833E0,1.142717613E1,9.184972993E0,3.081898678E0,1.498139455E1
4.958530833E0,1.121734178E1,8.969762712E0,2.455003485E0,1.457094512E1
4.968488833E0,1.100033055E1,8.719788396E0,2.034951207E0,1.418389962E1
4.978447833E0,1.115454853E1,8.443342565E0,1.818667670E0,1.410749938E1
4.988406833E0,1.129568160E1,8.192344986E0,1.785598450E0,1.406752647E1
4.998364833E0,1.112919851E1,7.828148235E0,1.762103168E0,1.372020305E1
5.008323833E0,1.029305720E1,7.133430603E0,1.582800347E0,1.262292025E1
5.018281833E0,9.077987657E0,6.167476425E0,1.361404004E0,1.105898034E1
5.028240833E0,7.784259034E0,5.175114466E0,1.235375749E0,9.428820270E0
5.038199833E0,6.591934580E0,4.209467266E0,1.185615944E0,7.910682735E0
5.048157833E0,5.570104408E0,3.331210213E0,1.134565512E0,6.588646561E0
5.058116833E0,4.778132377E0,2.649838266E0,1.101652120E0,5.573672868E0
5.068074833E0,4.184223082E0,2.084254053E0,1.026355916E0,4.785942355E0
5.078033833E0,3.682065371E0,1.584402484E0,9.759494090E-1,4.125580429E0
5.087992833E0,3.119942125E0,1.146434337E0,9.238026242E-1,3.449893019E0
5.097950833E0,2.455597855E0,6.275331241E-1,8.330762029E-1,2.667915779E0
5.107909833E0,1.761864309E0,6.081104279E-5,8.171986735E-1,1.942158469E0
5.117867833E0,1.131024000E0,-5.675997484E-1,9.033398545E-1,1.554801484E0
5.127826833E0,4.864146674E-1,-1.016113349E0,1.069134146E0,1.553104436E0
5.137785833E0,-7.180146933E-2,-1.349312840E0,1.257456590E0,1.845805425E0
5.147743833E0,-4.575411165E-1,-1.589236962E0,1.276649637E0,2.089222891E0
5.157702833E0,-6.172370544E-1,-1.685566916E0,1.095493321E0,2.102908230E0
5.167661833E0,-5.170192865E-1,-1.652931266E0,7.834771230E-1,1.900875355E0
5.177619833E0,-3.100135267E-2,-1.801419554E0,3.316283441E-1,1.831952743E0
5.187578833E0,4.104824325E-1,-1.975372465E0,-1.645091466E-1,2.024266648E0
5.197536833E0,4.371150380E-1,-2.184723836E0,-5.741930687E-1,2.300822782E0
5.207495833E0,8.794066161E-2,-2.563553828E0,-6.671369735E-1,2.650398749E0
5.217454833E0,-3.453353870E-1,-2.919673820E0,-4.218860745E-1,2.970141344E0
5.227412833E0,-6.208535573E-1,-3.201110834E0,-9.207610488E-2,3.262061882E0
5.237371833E0,-7.776931304E-1,-3.208950781E0,2.873532637E-1,3.314324006E0
5.247329833E0,-6.660098496E-1,-3.141503148E0,5.097942110E-1,3.251538295E0
5.257288833E0,-5.113531883E-1,-3.310578312E0,4.505501854E-1,3.380000934E0
5.267247833E0,-5.762021720E-1,-3.608205097E0,1.319108280E-1,3.656303247E0
5.277205833E0,-7.538408759E-1,-3.990903608E0,-1.921278119E-1,4.066017802E0
5.287164833E0,-9.506423673E-1,-4.466210904E0,-3.507335365E-1,4.579713393E0
5.297122833E0,-1.253373625E0,-4.981064090E0,-4.355678648E-1,5.154771021E0
5.307081833E0,-1.657336413E0,-5.467922561E0,-4.626913440E-1,5.732279162E0
5.317040833E0,-2.065307904E0,-5.906188915E0,-3.226657319E-1,6.265195721E0
5.326998833E0,-2.361384885E0,-6.264942493E0,-4.891546726E-2,6.695374204E0
5.336957833E0,-2.714461986E0,-6.464023814E0,2.504175353E-1,7.015313013E0
5.346915833E0,-3.013005614E0,-6.586251671E0,5.211260784E-1,7.261438307E0
5.356874833E0,-2.947781385E0,-6.647616445E0,8.214998853E-1,7.318133748E0
5.366833833E0,-2.784413396E0,-6.592791781E0,1.003809053E0,7.226720836E0
5.376791833E0,-2.656835336E0,-6.622947042E0,9.726223433E-1,7.201957772E0
5.386750833E0,-2.574522912E0,-6.817257035E0,8.486011451E-1,7.336435484E0
5.396708833E0,-2.636033867E0,-7.053483962E0,7.102226937E-1,7.563380648E0
5.406667833E0,-2.819160767E0,-7.227533938E0,6.744190228E-1,7.787153220E0
5.416626833E0,-3.090237100E0,-7.345124953E0,7.341869223E-1,8.002465642E0
5.426584833E0,-3.434275867E0,-7.413604034E0,7.890548551E-1,8.208433655E0
5.436543833E0,-3.795029192E0,-7.343985915E0,7.274193549E-1,8.298524845E0
5.446501833E0,-4.128041280E0,-7.117555413E0,4.950083202E-1,8.242897130E0
5.456460833E0,-4.335675615E0,-6.747540683E0,2.856008166E-1,8.025519057E0
5.466419833E0,-4.174269074E0,-6.336919963E0,1.992649233E-1,7.590835490E0
5.476377833E0,-3.433278332E0,-5.935224434E0,1.231680894E-1,6.857802824E0
5.486336833E0,-2.533854943E0,-5.382303536E0,-3.055754900E-2,5.948995376E0
5.496294833E0,-1.952350808E0,-4.849415199E0,-3.367814952E-1,5.238503910E0
5.506253833E0,-1.774677021E0,-4.667200756E0,-7.919995129E-1,5.055640875E0
5.516212833E0,-2.040021620E0,-4.634662170E0,-1.152068714E0,5.193172823E0
5.526170667E0,-2.513182696E0,-4.271989789E0,-1.133009130E0,5.084259406E0
5.536129667E0,-2.732453576E0,-3.598740209E0,-7.149718022E-1,4.574758826E0
5.546087667E0,-2.350044795E0,-2.841999407E0,-1.669765985E-1,3.691551483E0
5.556046667E0,-1.552669352E0,-1.905015843E0,2.417940617E-1,2.469480076E0
5.566005667E0,-6.949857268E-1,-9.665359765E-1,2.858621871E-1,1.224301492E0
5.575963667E0,1.431798926E-1,-3.091563249E-1,9.606390595E-3,3.408377878E-1
5.585922667E0,8.627438056E-1,-6.731197715E-2,-5.930087509E-1,1.049055363E0
5.595880667E0,1.126579531E0,-1.255718797E-1,-1.388998477E0,1.792837557E0
5.605839667E0,8.999332666E-1,-2.374589360E-1,-1.856169373E0,2.076446814E0
5.615798667E0,5.828697520E-1,-2.437119484E-3,-1.476302523E0,1.587202642E0
5.625756667E0,7.433267051E-1,7.189426464E-1,-4.730550952E-1,1.137186987E0
5.635715667E0,1.434162078E0,1.681241146E0,5.122896199E-1,2.268442927E0
5.645673667E0,2.307670316E0,2.549059165E0,1.215742553E0,3.647063870E0
5.655632667E0,3.286965501E0,3.117041321E0,1.582117392E0,4.798248039E0
5.665591667E0,4.111210654E0,3.406086733E0,1.535391561E0,5.555259411E0
5.675549667E0,4.336655316E0,3.506101018E0,1.279730973E0,5.721628705E0
5.685508667E0,4.349429144E0,3.812962310E0,1.145128069E0,5.896400067E0
5.695466667E0,4.862053370E0,4.557055585E0,1.161079273E0,6.764201628E0
5.705425667E0,5.876598496E0,5.400249810E0,1.198961045E0,8.070601928E0
5.715384667E0,6.950910351E0,6.180062556E0,1.385078503E0,9.403550945E0
5.725342667E0,7.890486571E0,6.953486050E0,1.704742860E0,1.065443076E1
5.735301667E0,8.689348961E0,7.504475028E0,1.986972172E0,1.165203799E1
5.745259667E0,9.210285589E0,7.633055885E0,2.225311991E0,1.216737097E1
5.755218667E0,9.527090657E0,7.491197171E0,2.547857270E0,1.238446883E1
5.765177667E0,9.707003050E0,7.205488181E0,2.862428117E0,1.242330322E1
5.775135667E0,9.671209905E0,6.785145296E0,3.047571722E0,1.220074551E1
5.785094667E0,9.426718522E0,6.341159195E0,3.173024903E0,1.179582168E1
5.795053667E0,9.064567128E0,5.988258680E0,3.218165115E0,1.133058718E1
5.805011667E0,8.536551860E0,5.592005154E0,3.067152000E0,1.065601524E1
5.814970667E0,7.811178446E0,5.110217974E0,2.795502056E0,9.743904156E0
5.824928667E0,6.960341325E0,4.449172702E0,2.519840921E0,8.636613189E0
5.834887667E0,6.097218620E0,3.697252344E0,2.304899028E0,7.493884796E0
5.844845667E0,5.257609323E0,2.927699123E0,2.136079094E0,6.385664558E0
5.854804667E0,4.484268860E0,2.223862758E0,1.976117985E0,5.381382264E0
5.864763667E0,3.753219554E0,1.692035106E0,1.798925132E0,4.492857826E0
5.874721667E0,3.051731431E0,1.332938882E0,1.610537053E0,3.699137790E0
5.884680667E0,2.489291850E0,9.933214867E-1,1.360809050E0,3.005838113E0
5.894638667E0,1.981760841E0,6.528474748E-1,9.188099791E-1,2.279867898E0
5.904597667E0,1.459310368E0,2.633223403E-1,4.000257106E-1,1.535886055E0
5.914556667E0,1.015326313E0,-2.139811957E-1,-2.537516177E-2,1.037939966E0
5.924514667E0,5.933795375E-1,-6.953701812E-1,-3.011801380E-1,9.624699683E-1
5.934473667E0,4.293905738E-1,-1.041370397E0,-4.920853702E-1,1.229217873E0
5.944432667E0,4.916590351E-1,-1.319371002E0,-8.011236544E-1,1.619959122E0
5.954390667E0,4.708318377E-1,-1.579006088E0,-1.068129667E0,1.963630269E0
5.964349667E0,3.374705896E-1,-1.834464508E0,-1.057519237E0,2.144176618E0
5.974307667E0,1.479608685E-1,-2.208502123E0,-7.904897618E-1,2.350371909E0
5.984266667E0,-1.462160593E-1,-2.700650570E0,-4.574768702E-1,2.743023464E0
5.994225667E0,-4.990431914E-1,-3.221094278E0,-8.496706009E-2,3.260630592E0
6.004183667E0,-9.947156091E-1,-3.617801548E0,3.324387316E-1,3.766757583E0
6.014142667E0,-1.516441612E0,-3.935504748E0,7.472601271E-1,4.283245321E0
6.024100667E0,-1.890252647E0,-4.238477642E0,1.131265490E0,4.776767673E0
6.034059667E0,-2.216223371E0,-4.466655293E0,1.467875077E0,5.197818078E0
6.044018667E0,-2.446850566E0,-4.717818933E0,1.636323420E0,5.560795582E0
6.053976667E0,-2.586318208E0,-5.048435124E0,1.554581684E0,5.881535793E0
6.063935667E0,-2.636475624E0,-5.391132247E0,1.279206478E0,6.136096465E0
6.073893667E0,-2.607198615E0,-5.681729509E0,8.538922906E-1,6.309410977E0
6.083852667E0,-2.606706280E0,-5.911250850E0,4.629837048E-1,6.477048568E0
6.093811667E0,-2.656633900E0,-6.033942976E0,2.281221020E-1,6.596833423E0
6.103769667E0,-2.646149257E0,-6.056678120E0,1.653920031E-1,6.611566400E0
6.113728667E0,-2.612511395E0,-6.050880606E0,1.674268524E-1,6.592905554E0
6.123686667E0,-2.540407625E0,-6.072486652E0,2.428255105E-1,6.586936258E0
6.133645667E0,-2.475481604E0,-6.105446822E0,3.816080046E-1,6.599251074E0
6.143604667E0,-2.428087144E0,-6.180363688E0,5.690428412E-1,6.664556418E0
6.153562667E0,-2.394034568E0,-6.297917866E0,6.535725296E-1,6.769219158E0
6.163521667E0,-2.413247788E0,-6.495041538E0,5.936865163E-1,6.954264386E0
6.173479667E0,-2.437535221E0,-6.686930784E0,4.853726935E-1,7.133877481E0
6.183438667E0,-2.422120060E0,-6.742006878E0,3.929270446E-1,7.174657761E0
6.193397667E0,-2.533490661E0,-6.675892410E0,3.316330218E-1,7.148153249E0
6.203355667E0,-2.701533499E0,-6.573823999E0,2.789952171E-1,7.112754990E0
6.213314667E0,-2.839022005E0,-6.467025189E0,2.046233118E-1,7.065715211E0
6.223272667E0,-2.964269364E0,-6.370023975E0,1.986918962E-1,7.028767799E0
6.233231667E0,-3.015497113E0,-6.328858992E0,1.948385811E-1,7.013247539E0
6.243190667E0,-3.006676295E0,-6.397446247E0,1.506418169E-1,7.070368716E0
6.253148667E0,-3.036003590E0,-6.482911490E0,8.658790827E-2,7.159117030E0
6.263107667E0,-3.078972147E0,-6.508983639E0,8.462148964E-2,7.200978982E0
6.273065667E0,-3.216957665E0,-6.446831245E0,1.945205108E-1,7.207516074E0
6.283024667E0,-3.370650852E0,-6.143887587E0,3.240029901E-1,7.015241962E0
6.292983667E0,-3.126114154E0,-5.715593659E0,4.731993753E-1,6.531808189E0
6.302941667E0,-2.324438668E0,-5.125981482E0,4.552794135E-1,5.646767272E0
6.312900667E0,-1.765088464E0,-4.380029377E0,3.246093464E-1,4.733451791E0
6.322858667E0,-1.531000740E0,-3.912555596E0,2.917807388E-1,4.211554411E0
6.332817667E0,-1.434402106E0,-3.725691447E0,4.236365847E-1,4.014692282E0
6.342776667E0,-1.442333854E0,-3.705553052E0,5.461065165E-1,4.013686920E0
6.352734667E0,-1.551239123E0,-3.847719330E0,3.724863482E-1,4.165337073E0
6.362693667E0,-1.768949088E0,-3.505633825E0,3.255004621E-1,3.940126894E0
6.372651667E0,-1.420631914E0,-2.399886754E0,5.594306034E-1,2.844400475E0
6.382610667E0,7.661372781E-2,-1.239022658E0,6.887815386E-1,1.419671377E0
6.392569667E0,1.739681727E0,2.643175364E-2,6.201744032E-1,1.847107858E0
6.402527667E0,2.958561312E0,1.402808431E0,5.225025129E-1,3.315714916E0
6.412486667E0,3.860571510E0,2.706383765E0,4.996767372E-1,4.741118255E0
6.422444667E0,4.618582912E0,3.807544865E0,3.623752698E-1,5.996667562E0
6.432403667E0,5.385303158E0,4.698328409E0,9.911257111E-2,7.147419341E0
6.442362667E0,6.385883378E0,5.532388698E0,-2.346967113E-1,8.452331854E0
6.452320667E0,7.768258129E0,6.406959082E0,-6.181348944E-1,1.008846122E1
6.462279667E0,9.146069128E0,7.472809432E0,-7.866532575E-1,1.183690351E1
6.472238667E0,1.026800071E1,8.798169737E0,-4.814867802E-1,1.353039019E1
6.482196667E0,1.115544666E1,9.722977644E0,8.650955558E-2,1.479823531E1
6.492155667E0,1.168989971E1,1.002009280E1,8.383661789E-1,1.541943166E1
6.502113667E0,1.226778121E1,1.018735591E1,1.725293484E0,1.603924293E1
6.512072667E0,1.209297285E1,9.581254585E0,2.414706522E0,1.561637728E1
6.522031667E0,1.128892924E1,8.816002575E0,2.858089190E0,1.460583783E1
6.531990167E0,1.057234828E1,8.219076117E0,3.159235414E0,1.375894359E1
6.541949167E0,1.014201777E1,7.715363631E0,3.267398379E0,1.315535072E1
6.551907167E0,9.958045653E0,7.084053791E0,3.117962258E0,1.261222344E1
6.561866167E0,9.374000026E0,6.227678772E0,2.761729415E0,1.158805457E1
6.571825167E0,8.248818564E0,5.208447104E0,2.364862955E0,1.003810270E1
6.581783167E0,6.985752740E0,4.135836788E0,2.050293863E0,8.373147091E0
6.591742167E0,5.712846637E0,3.162282398E0,1.892309843E0,6.798344152E0
6.601700167E0,4.475186380E0,2.376987888E0,1.815356977E0,5.382646701E0
6.611659167E0,3.437655265E0,1.835360302E0,1.691933949E0,4.248371647E0
6.621618167E0,2.722237321E0,1.420287513E0,1.487172497E0,3.411667434E0
6.631576167E0,2.318378322E0,9.925484848E-1,1.265042183E0,2.821411395E0
6.641535167E0,2.002782458E0,5.668156368E-1,1.112388778E0,2.360047951E0
6.651493167E0,1.556310413E0,1.225354207E-1,1.009687624E0,1.859189643E0
6.661452167E0,1.054776308E0,-3.284568143E-1,1.035650504E0,1.514268439E0
6.671411167E0,6.311382249E-1,-7.323368633E-1,1.148035231E0,1.500878953E0
6.681369167E0,3.175005940E-1,-1.070028770E0,1.096520238E0,1.564648468E0
6.691328167E0,1.307513434E-1,-1.266323308E0,8.589173877E-1,1.535711468E0
6.701286167E0,1.159479475E-1,-1.361196136E0,5.656204659E-1,1.478588975E0
6.711245167E0,1.912893212E-1,-1.440594308E0,2.813558111E-1,1.480224529E0
6.721204167E0,3.720989701E-1,-1.654990071E0,-2.788310565E-2,1.696533892E0
6.731162167E0,4.409268379E-1,-1.935884464E0,-4.510050623E-1,2.036042902E0
6.741121167E0,3.465413752E-1,-2.234062057E0,-7.552567792E-1,2.383597491E0
6.751079167E0,8.625754058E-2,-2.555719144E0,-6.887230664E-1,2.648297598E0
6.761038167E0,-3.077372056E-1,-2.830145347E0,-2.827269284E-1,2.860831940E0
6.770997167E0,-6.790219510E-1,-3.056293429E0,2.295599324E-1,3.139219345E0
6.780955167E0,-9.501392144E-1,-3.296110547E0,5.875995648E-1,3.480284832E0
6.790914167E0,-1.187407677E0,-3.508550416E0,7.075224495E-1,3.771001330E0
6.800872167E0,-1.266615669E0,-3.670628217E0,6.881143713E-1,3.943517231E0
6.810831167E0,-1.240706948E0,-3.840032580E0,5.888608092E-1,4.078230131E0
6.820790167E0,-1.246048380E0,-4.033415789E0,4.863269591E-1,4.249422714E0
6.830748167E0,-1.308789442E0,-4.274526896E0,3.814302492E-1,4.486646746E0
6.840707167E0,-1.422409029E0,-4.510832761E0,3.297548962E-1,4.741265436E0
6.850665167E0,-1.592017605E0,-4.714228742E0,3.289713693E-1,4.986651667E0
6.860624167E0,-1.708300598E0,-4.879247693E0,3.598224485E-1,5.182163754E0
6.870583167E0,-1.703061493E0,-5.009050618E0,3.037651920E-1,5.299365984E0
6.880541167E0,-1.740921045E0,-5.105461264E0,2.302785369E-1,5.399034081E0
6.890500167E0,-1.826366115E0,-5.194042488E0,2.666236965E-1,5.512238996E0
6.900458167E0,-1.841196700E0,-5.223018950E0,4.238506293E-1,5.554239965E0
6.910417167E0,-1.813044696E0,-5.248845516E0,5.566619468E-1,5.580984039E0
6.920376167E0,-1.780542363E0,-5.317191281E0,6.010200942E-1,5.639510562E0
6.930334167E0,-1.813789046E0,-5.463117903E0,6.094997263E-1,5.788521214E0
6.940293167E0,-1.906613156E0,-5.675611567E0,5.912061640E-1,6.016416302E0
6.950252167E0,-2.068513933E0,-5.881135935E0,5.067501505E-1,6.254862548E0
6.960210167E0,-2.267275411E0,-6.141075076E0,3.519438736E-1,6.555700220E0
6.970169167E0,-2.544393964E0,-6.351012338E0,2.386225502E-1,6.845892132E0
6.980127167E0,-2.854879069E0,-6.388832129E0,2.264206171E-1,7.001341069E0
6.990086167E0,-3.062652276E0,-6.248742782E0,2.321391940E-1,6.962794979E0
7.000045167E0,-3.119854709E0,-6.014403920E0,1.169314492E-1,6.776446036E0
7.010003167E0,-3.098096927E0,-5.774583294E0,-8.393444180E-2,6.553705958E0
7.019962167E0,-2.994518180E0,-5.595216445E0,-2.186273567E-1,6.349912135E0
7.029920167E0,-2.845906516E0,-5.428646813E0,-2.771837131E-1,6.135651631E0
7.039879167E0,-2.713953570E0,-5.311268052E0,-3.315336192E-1,5.973694572E0
7.049838167E0,-2.639339005E0,-5.313176583E0,-4.147687705E-1,5.947099202E0
7.059796167E0,-2.589348820E0,-5.450387346E0,-5.437372978E-1,6.058638442E0
7.069755167E0,-2.658172887E0,-5.437612349E0,-7.772633600E-1,6.102265930E0
7.079713167E0,-2.862548862E0,-5.136186628E0,-9.456631708E-1,5.955575362E0
7.089672167E0,-2.879505787E0,-4.764692552E0,-8.590471959E-1,5.633099571E0
7.099631167E0,-2.263405724E0,-4.407963281E0,-6.739301956E-1,5.000732712E0
7.109589167E0,-1.750768341E0,-3.717936285E0,-3.678565228E-1,4.125961515E0
7.119548167E0,-1.324052283E0,-3.176467159E0,1.550564190E-2,3.441409375E0
7.129506167E0,-7.334776551E-1,-2.894201009E0,2.684234512E-1,2.997739165E0
7.139465167E0,-3.064768383E-1,-2.509976376E0,1.972452950E-1,2.536299502E0
7.149424167E0,-8.603505403E-2,-2.062931011E0,-1.998145982E-1,2.074370329E0
7.159382167E0,-8.235160053E-2,-1.384527696E0,-5.586237242E-1,1.495245529E0
7.169341167E0,3.317347634E-1,-4.918601793E-1,-5.849168622E-1,8.331279163E-1
7.179299167E0,1.118214505E0,4.725240219E-1,-4.303106332E-1,1.287963459E0
7.189258167E0,1.966406637E0,1.386691750E0,-2.015324736E-1,2.414598188E0
7.199217167E0,2.811420223E0,2.160406435E0,8.438811265E-2,3.546626706E0
7.209175167E0,3.622732505E0,2.793501431E0,3.411160362E-1,4.587395905E0
7.219134167E0,4.163449679E0,3.271103759E0,4.835950669E-1,5.316793886E0
7.229092167E0,4.491937484E0,3.666907049E0,5.957903445E-1,5.829123073E0
7.239051167E0,4.631645592E0,3.899843164E0,5.952664340E-1,6.084016742E0
7.249010167E0,4.837985061E0,4.340247261E0,7.595936590E-1,6.543762547E0
7.258968167E0,5.354571946E0,5.240989782E0,1.152639841E0,7.580764686E0
7.268927167E0,6.227073001E0,6.133487145E0,1.630273306E0,8.891225661E0
7.278885167E0,7.406873889E0,7.015309830E0,2.134843432E0,1.042275920E1
7.288844167E0,8.615550667E0,7.785805623E0,2.490687581E0,1.187644758E1
7.298803167E0,9.620825032E0,8.234775306E0,2.622792554E0,1.293254961E1
7.308761167E0,1.027473202E1,8.282864562E0,2.468676907E0,1.342647866E1
7.318720167E0,1.040747083E1,8.055212576E0,2.185936840E0,1.334092271E1
7.328678167E0,1.021899168E1,7.746090165E0,1.985392546E0,1.297580392E1
7.338637167E0,9.996906248E0,7.485658688E0,1.895785428E0,1.263199204E1
7.348596167E0,9.750102877E0,7.145718527E0,1.826714609E0,1.222549327E1
7.358554167E0,9.381310215E0,6.612944795E0,1.858608246E0,1.162731460E1
7.368513167E0,8.742845137E0,5.851822674E0,1.894255650E0,1.068968541E1
7.378471167E0,7.865407278E0,4.923301785E0,1.853506405E0,9.462505910E0
7.388430167E0,6.814201865E0,4.022954535E0,1.842857017E0,8.124877367E0
7.398389167E0,5.771460296E0,3.201734732E0,1.838861614E0,6.851443007E0
7.408347167E0,4.784894682E0,2.555274755E0,1.858208735E0,5.733897967E0
7.418306167E0,3.950549049E0,2.032465848E0,1.878566401E0,4.823563717E0
7.428264167E0,3.305802307E0,1.520628657E0,1.884228845E0,4.097677237E0
7.438223167E0,2.754328009E0,1.052557874E0,1.880761592E0,3.497351145E0
7.448182167E0,2.248694129E0,5.339618862E-1,1.695528817E0,2.866454003E0
7.458140167E0,1.756995040E0,2.194226146E-2,1.437223388E0,2.270049361E0
7.468099167E0,1.299269152E0,-3.790130103E-1,1.094198748E0,1.740408599E0
7.478058167E0,8.476708531E-1,-6.443362677E-1,6.687261736E-1,1.257342355E0
7.488016167E0,5.299582976E-1,-8.354905182E-1,2.613383434E-1,1.023326894E0
7.497975167E0,3.006951115E-1,-1.111416532E0,-1.069759798E-1,1.156333913E0
7.507933167E0,4.888476938E-2,-1.471364111E0,-3.887310461E-1,1.522633867E0
7.517892167E0,-8.270009458E-2,-1.883164798E0,-5.641329342E-1,1.967586067E0
7.527850292E0,-1.772574654E-1,-2.339231831E0,-6.409589159E-1,2.431923951E0
7.537808292E0,-4.227531070E-1,-2.702242767E0,-5.911891705E-1,2.798274610E0
7.547767292E0,-7.068658072E-1,-2.930464271E0,-3.638254523E-1,3.036387504E0
7.557725292E0,-9.699840796E-1,-3.164303781E0,-4.669469476E-2,3.309964943E0
7.567684292E0,-1.214236603E0,-3.412647893E0,2.622628248E-1,3.631710060E0
7.577643292E0,-1.383908914E0,-3.685910500E0,5.503551400E-1,3.975428389E0
7.587601292E0,-1.517539280E0,-4.039372932E0,8.204275060E-1,4.392329729E0
7.597560292E0,-1.658710362E0,-4.410005128E0,1.062834356E0,4.830018858E0
7.607518292E0,-1.807994163E0,-4.746423512E0,1.227215960E0,5.225269185E0
7.617477292E0,-2.033668036E0,-5.077291718E0,1.278642222E0,5.616905091E0
7.627436292E0,-2.304356698E0,-5.311787285E0,1.301113071E0,5.934478846E0
7.637394292E0,-2.427321889E0,-5.385984943E0,1.196264309E0,6.027584396E0
7.647353292E0,-2.392992302E0,-5.411394019E0,8.362489021E-1,5.975693232E0
7.657311292E0,-2.307410699E0,-5.533904296E0,4.718855425E-1,6.014226206E0
7.667270292E0,-2.184346690E0,-5.634496286E0,2.928075464E-1,6.050178106E0
7.677229292E0,-2.022049618E0,-5.693813950E0,2.457690354E-1,6.047198060E0
7.687187292E0,-1.913128855E0,-5.775996566E0,1.681787860E-1,6.086910747E0
7.697146292E0,-1.863664041E0,-5.888346722E0,9.803679306E-2,6.177012383E0
7.707104292E0,-1.833435691E0,-6.032629691E0,1.244755268E-1,6.306314421E0
7.717063292E0,-1.843543480E0,-6.178775584E0,1.674666317E-1,6.450113592E0
7.727022292E0,-1.847007517E0,-6.283000449E0,1.356483134E-1,6.550261970E0
7.736980292E0,-1.970557576E0,-6.467177217E0,1.217601164E-1,6.761826960E0
7.746939292E0,-2.205129156E0,-6.595904839E0,1.551675983E-1,6.956481311E0
7.756897292E0,-2.446689037E0,-6.603191639E0,1.995666762E-1,7.044732353E0
7.766856292E0,-2.682040637E0,-6.519330288E0,2.025534705E-1,7.052378130E0
7.776815292E0,-2.865652564E0,-6.419097317E0,1.324312484E-1,7.030953919E0
7.786773292E0,-2.931646286E0,-6.328271931E0,-5.912741013E-3,6.974353773E0
7.796732292E0,-2.983511966E0,-6.240867752E0,-2.142583172E-1,6.920670529E0
7.806690292E0,-3.073903780E0,-6.243787851E0,-4.689759314E-1,6.975221115E0
7.816649292E0,-3.205873391E0,-6.385840108E0,-7.042667198E-1,7.180011818E0
7.826608292E0,-3.499051614E0,-6.465426561E0,-7.887484610E-1,7.393728893E0
7.836566292E0,-3.800979611E0,-6.534795588E0,-7.192741835E-1,7.593968313E0
7.846525292E0,-4.257239018E0,-6.648984109E0,-6.399508560E-1,7.921023345E0
7.856483292E0,-4.709438118E0,-6.831587976E0,-5.636131167E-1,8.316673698E0
7.866442292E0,-4.308953547E0,-6.769308112E0,-5.352740014E-1,8.042209351E0
7.876401292E0,-3.528140928E0,-6.226104702E0,-6.189780629E-1,7.182986287E0
7.886359292E0,-2.655492231E0,-5.525350404E0,-8.441443974E-1,6.188191646E0
7.896318292E0,-1.810098576E0,-4.847297337E0,-1.217824162E0,5.315622637E0
7.906276292E0,-9.453711024E-1,-4.352393682E0,-1.485557057E0,4.695097129E0
7.916235292E0,-8.573070645E-2,-3.897524743E0,-1.498048464E0,4.176385767E0
7.926194292E0,1.487063885E-2,-3.323855000E0,-1.102460352E0,3.501949746E0
7.936152292E0,-3.058868542E-1,-2.912756563E0,-1.527281034E-1,2.932753559E0
7.946111292E0,-3.939549851E-1,-2.109763700E0,1.145175431E0,2.432638520E0
7.956069292E0,3.165311256E-1,-7.347593647E-1,2.035260817E0,2.186858448E0
7.966028292E0,1.926265794E0,8.516118765E-1,2.208118545E0,3.051480003E0
7.975987292E0,4.107229285E0,2.350273129E0,1.705063287E0,5.029946023E0
7.985945292E0,6.283278776E0,3.606767852E0,8.613615239E-1,7.295910512E0
7.995904292E0,8.172904748E0,4.826408159E0,2.715739310E-2,9.491645024E0
8.005862292E0,9.125187551E0,5.641970782E0,-5.013458249E-1,1.074021554E1
8.015821292E0,9.202941486E0,6.322676731E0,-2.098530614E-1,1.116756067E1
8.025780292E0,8.967903882E0,7.128846386E0,9.023619077E-1,1.149164948E1
8.035738292E0,9.193022270E0,8.038352714E0,2.254276758E0,1.241807298E1
8.045697292E0,1.013548877E1,8.872030596E0,3.321337774E0,1.387344024E1
8.055656292E0,1.143102360E1,9.486440229E0,3.988093436E0,1.538069367E1
8.065614292E0,1.298726004E1,1.000786042E1,4.363273011E0,1.696656550E1
8.075573292E0,1.387535153E1,9.931201086E0,4.563070616E0,1.766283523E1
8.085531292E0,1.348620763E1,9.270356959E0,4.566079009E0,1.699018516E1
8.095490292E0,1.244353564E1,8.473368017E0,4.631266985E0,1.575081518E1
8.105449292E0,1.108786688E1,7.482347410E0,4.790471756E0,1.420826993E1
8.115407292E0,9.825002786E0,6.433595488E0,4.915111005E0,1.273107014E1
8.125366292E0,8.801915463E0,5.449959329E0,4.831975293E0,1.142469946E1
8.135324292E0,7.945018288E0,4.565482593E0,4.539544344E0,1.022616300E1
8.145283292E0,6.908300521E0,3.510692836E0,4.064324756E0,8.750332337E0
8.155242292E0,5.727207398E0,2.612925378E0,3.625899941E0,7.264670261E0
8.165200292E0,4.598848559E0,1.911494558E0,3.289676563E0,5.968684227E0
8.175159292E0,3.611421066E0,1.321539150E0,3.054889220E0,4.911331386E0
8.185117292E0,2.768055518E0,8.211186469E-1,2.841723418E0,4.051142946E0
8.195076292E0,2.103956246E0,3.623648179E-1,2.596941429E0,3.361851414E0
8.205035292E0,1.586388783E0,-8.573947728E-2,2.338612611E0,2.827205259E0
8.214993292E0,1.142679840E0,-4.302983540E-1,2.009952168E0,2.351761384E0
8.224952292E0,7.295959809E-1,-7.231877249E-1,1.567006432E0,1.873718213E0
8.234910292E0,4.957362986E-1,-9.776579654E-1,1.157083871E0,1.593867202E0
8.244869292E0,3.638956189E-1,-1.164581171E0,7.947922893E-1,1.456147008E0
8.254828292E0,2.013783994E-1,-1.366642817E0,4.268234999E-1,1.445836834E0
8.264786292E0,9.232753515E-4,-1.637891058E0,-4.135004729E-3,1.637896538E0
8.274745292E0,-1.713111395E-1,-1.931206107E0,-3.806237720E-1,1.975798317E0
8.284703292E0,-3.676793522E-1,-2.237807783E0,-5.535138059E-1,2.334384140E0
8.294662292E0,-5.893326795E-1,-2.679686548E0,-6.456624893E-1,2.818672214E0
8.304621292E0,-8.902406296E-1,-3.195332615E0,-6.557371688E-1,3.381223172E0
8.314579292E0,-1.225311230E0,-3.593950170E0,-5.680183359E-1,3.839337217E0
8.324538292E0,-1.552928968E0,-3.867429124E0,-4.882997366E-1,4.196073527E0
8.334496292E0,-1.808145460E0,-4.069263899E0,-3.913191334E-1,4.470059210E0
8.344455292E0,-1.954542344E0,-4.269731010E0,-2.468296838E-1,4.702314703E0
8.354414292E0,-2.030513171E0,-4.477401305E0,-1.340977780E-1,4.918138713E0
8.364372292E0,-2.150301569E0,-4.658559741E0,-6.870653808E-2,5.131344491E0
8.374331292E0,-2.263946883E0,-4.859300501E0,-2.928227127E-2,5.360887455E0
8.384289292E0,-2.371835906E0,-5.079491440E0,1.410348415E-2,5.605982319E0
8.394248292E0,-2.511261594E0,-5.238208846E0,1.068239157E-1,5.810049747E0
8.404207292E0,-2.671144643E0,-5.368669583E0,1.982884018E-1,5.999745418E0
8.414165292E0,-2.802850544E0,-5.437083760E0,3.030974035E-1,6.124517861E0
8.424124292E0,-2.804635114E0,-5.458812014E0,3.811203468E-1,6.148972227E0
8.434082292E0,-2.740164299E0,-5.455744565E0,3.982409942E-1,6.118189686E0
8.444041292E0,-2.513435004E0,-5.445606077E0,2.494492364E-1,6.002849822E0
8.454000292E0,-2.184832886E0,-5.423578447E0,-1.782699108E-2,5.847137394E0
8.463958292E0,-2.023151819E0,-5.406863011E0,-2.890091586E-1,5.780210826E0
8.473917292E0,-2.055553433E0,-5.433810489E0,-3.532805471E-1,5.820343933E0
8.483876292E0,-2.075310152E0,-5.544730416E0,-2.127463003E-1,5.924205314E0
8.493834292E0,-2.122904587E0,-5.625954673E0,-7.132546943E-2,6.013582725E0
8.503793292E0,-2.287873397E0,-5.676211492E0,9.080258131E-2,6.120619796E0
8.513751292E0,-2.442601249E0,-5.703659492E0,2.193161952E-1,6.208553136E0
8.523710292E0,-2.638982325E0,-5.629100475E0,2.557162821E-1,6.222249649E0
8.533669167E0,-2.797423743E0,-5.439499245E0,1.873891918E-1,6.119546253E0
8.543627167E0,-2.764167996E0,-5.254926621E0,-2.344031811E-2,5.937628142E0
8.553586167E0,-2.472840124E0,-5.052314166E0,-3.121080359E-1,5.633669155E0
8.563544167E0,-2.027093134E0,-4.793209423E0,-6.210047078E-1,5.241145866E0
8.573503167E0,-1.715011301E0,-4.531586868E0,-9.027609801E-1,4.928642886E0
8.583462167E0,-1.673883302E0,-4.377534370E0,-9.940734386E-1,4.790915828E0
8.593420167E0,-1.785717733E0,-4.420067017E0,-8.758813298E-1,4.846952482E0
8.603379167E0,-1.963334364E0,-4.547864932E0,-6.894487059E-1,5.001309507E0
8.613337167E0,-2.324246002E0,-4.627236207E0,-5.462527335E-1,5.206901808E0
8.623296167E0,-2.709853210E0,-4.576360168E0,-4.634485584E-1,5.338647897E0
8.633255167E0,-2.730997619E0,-4.063824819E0,-4.790237137E-1,4.919602003E0
8.643213167E0,-2.138240518E0,-3.496006969E0,-6.031916770E-1,4.142218903E0
8.653172167E0,-1.503034385E0,-2.817060447E0,-7.226527778E-1,3.273708747E0
8.663130167E0,-8.596178842E-1,-1.934178246E0,-8.312371805E-1,2.273970898E0
8.673089167E0,-9.571833551E-2,-1.031424868E0,-7.777264595E-1,1.295321467E0
8.683048167E0,6.536660850E-1,-4.305503690E-1,-5.316253388E-1,9.461915619E-1
8.693006167E0,1.145757522E0,-2.029767358E-1,-1.740014434E-1,1.176535744E0
8.702965167E0,1.130329058E0,-1.863718128E-1,3.043918674E-1,1.185340728E0
8.712923167E0,6.739720032E-1,-1.038138056E-1,8.572368979E-1,1.095386081E0
8.722882167E0,3.633611834E-1,4.123514950E-1,1.450080246E0,1.550741056E0
8.732841167E0,7.314761531E-1,1.075470774E0,1.827322719E0,2.242945177E0
8.742799167E0,1.639357540E0,1.927179714E0,1.776488196E0,3.091508548E0
8.752758167E0,2.691283330E0,2.929942700E0,1.320971385E0,4.191960829E0
8.762716167E0,3.749584925E0,3.715423737E0,8.250984080E-1,5.342709802E0
8.772675167E0,4.665106283E0,4.239598553E0,4.526876351E-1,6.319995144E0
8.782634167E0,5.312153905E0,4.620928815E0,2.510426027E-1,7.045210047E0
8.792592167E0,5.655974278E0,5.054787539E0,4.125122935E-1,7.596781456E0
8.802551167E0,5.895512484E0,5.503323943E0,8.980456392E-1,8.114809169E0
8.812509167E0,6.228017911E0,6.066801404E0,1.493622122E0,8.821858841E0
8.822468167E0,6.831309063E0,6.726980703E0,1.997746836E0,9.793367415E0
8.832427167E0,7.676014209E0,7.402782592E0,2.315397996E0,1.091253647E1
8.842385167E0,8.736306780E0,7.848379601E0,2.261372062E0,1.195967901E1
8.852344167E0,9.768435068E0,7.947240230E0,1.911872580E0,1.273719780E1
8.862302167E0,1.032182784E1,7.791930581E0,1.706461941E0,1.304478150E1
8.872261167E0,1.026618339E1,7.204083679E0,1.850452550E0,1.267744129E1
8.882220167E0,9.581411290E0,6.386392670E0,2.378658729E0,1.175786847E1
8.892178167E0,8.639666339E0,5.571900088E0,2.964908757E0,1.069956022E1
8.902137167E0,7.685590779E0,4.783235242E0,3.346526409E0,9.651263337E0
8.912095167E0,6.765255407E0,4.046604184E0,3.389207575E0,8.580816636E0
8.922054167E0,5.967480599E0,3.390162426E0,3.130339936E0,7.543411303E0
8.932013167E0,5.281072446E0,2.765809602E0,2.656667229E0,6.526661451E0
8.941971167E0,4.605020295E0,2.119044986E0,2.179083611E0,5.517695983E0
8.951930167E0,3.931577173E0,1.474894075E0,1.844526251E0,4.586380783E0
8.961888167E0,3.245517221E0,8.518931276E-1,1.621563293E0,3.726737373E0
8.971847167E0,2.551731927E0,3.550429344E-1,1.500749878E0,2.981550186E0
8.981806167E0,1.883905056E0,-9.114522815E-2,1.407946379E0,2.353660706E0
8.991764167E0,1.208135034E0,-5.188953656E-1,1.307419732E0,1.854235426E0
9.001723167E0,5.708069462E-1,-8.855882925E-1,1.180883646E0,1.582584399E0
9.011682167E0,3.014736682E-2,-1.190793069E0,1.008518181E0,1.560770937E0
9.021640167E0,-4.101666829E-1,-1.446638575E0,7.465442817E-1,1.678787729E0
9.031599167E0,-6.814152163E-1,-1.731272262E0,4.098716178E-1,1.905157496E0
9.041557167E0,-8.494156623E-1,-2.001559805E0,9.167374335E-2,2.176270364E0
9.051516167E0,-9.685222757E-1,-2.216290614E0,-1.982008032E-1,2.426780386E0
9.061475167E0,-1.051557123E0,-2.500848872E0,-4.360830045E-1,2.747760152E0
9.071433167E0,-1.212807251E0,-2.770318975E0,-5.545775240E-1,3.074593450E0
9.081392167E0,-1.370176290E0,-3.038303300E0,-5.693036270E-1,3.381238919E0
9.091350167E0,-1.584538139E0,-3.321398585E0,-5.048778355E-1,3.714478604E0
9.101309167E0,-1.833167742E0,-3.476890667E0,-3.873014750E-1,3.949591765E0
9.111268167E0,-1.957564478E0,-3.659376420E0,-2.566612287E-1,4.158000656E0
9.121226167E0,-2.057506111E0,-3.885500529E0,-1.379919688E-1,4.398805240E0
9.131185167E0,-2.209320441E0,-4.027125939E0,-4.207656384E-3,4.593349306E0
9.141143167E0,-2.214835681E0,-4.122662426E0,1.787458924E-1,4.683352716E0
9.151102167E0,-2.108182175E0,-4.272950487E0,3.278656608E-1,4.775985117E0
9.161061167E0,-2.037397682E0,-4.459603550E0,4.233360378E-1,4.921205802E0
9.171019167E0,-2.020997266E0,-4.649380197E0,4.621130544E-1,5.090649727E0
9.180978167E0,-2.034547749E0,-4.809297452E0,4.783794236E-1,5.243812868E0
9.190936167E0,-2.028435509E0,-4.966754783E0,3.961371660E-1,5.379602991E0
9.200895167E0,-1.988405617E0,-5.133154846E0,2.178023511E-1,5.509126377E0
9.210854167E0,-1.938951913E0,-5.291598018E0,1.374388039E-2,5.635666154E0
9.220812167E0,-1.940316361E0,-5.465999996E0,-9.860042810E-2,5.801009014E0
9.230771167E0,-2.005274103E0,-5.671596869E0,-5.483811200E-2,6.015907454E0
9.240729167E0,-2.105882319E0,-5.893575302E0,7.825913429E-2,6.259001092E0
9.250688167E0,-2.226762977E0,-6.122935259E0,2.139811957E-1,6.518788039E0
9.260647167E0,-2.377967589E0,-6.247528900E0,3.445401657E-1,6.693657829E0
9.270605167E0,-2.651041038E0,-6.392548034E0,2.992721915E-1,6.926922318E0
9.280564167E0,-2.742413723E0,-6.399909094E0,1.509072804E-1,6.964369494E0
9.290522167E0,-2.821621860E0,-6.193400055E0,1.263348957E-2,6.805873476E0
9.300481167E0,-2.910787806E0,-6.059727443E0,-3.675560216E-2,6.722673078E0
9.310440167E0,-2.883035166E0,-6.011880262E0,-4.294896841E-2,6.667566323E0
9.320398167E0,-2.750795707E0,-6.024718409E0,-9.628259182E-2,6.623698307E0
9.330357167E0,-2.456849159E0,-6.046803927E0,-2.416198146E-1,6.531334140E0
9.340315167E0,-2.384539713E0,-6.024737704E0,-3.783557832E-1,6.490504383E0
9.350274167E0,-2.406658853E0,-6.063881305E0,-4.917134142E-1,6.542510634E0
9.360233167E0,-2.514443648E0,-6.104980799E0,-5.112729353E-1,6.622281890E0
9.370191167E0,-2.586883049E0,-6.017722215E0,-4.396515602E-1,6.564924833E0
9.380150167E0,-2.663910467E0,-5.515051703E0,-2.407941878E-1,6.129453166E0
9.390108167E0,-2.557684101E0,-4.846111522E0,3.630651316E-2,5.479768517E0
9.400067167E0,-2.024888149E0,-4.153393053E0,2.997738826E-1,4.630411456E0
9.410026167E0,-1.382120105E0,-3.198725170E0,5.018150640E-1,3.520499546E0
9.419984167E0,-7.882450157E-1,-2.184542572E0,5.812529969E-1,2.394036654E0
9.429943167E0,-1.100141931E-1,-1.466395147E0,3.124143569E-1,1.503336483E0
9.439902167E0,7.592001414E-1,-9.895675743E-1,-4.164550710E-1,1.314938654E0
9.449860167E0,1.305794060E0,-3.696370000E-1,-1.230973381E0,1.832218629E0
9.459819167E0,1.631161498E0,4.099734324E-1,-1.663560920E0,2.365629088E0
9.469777167E0,2.065997876E0,1.262240782E0,-1.391422148E0,2.792428085E0
9.479736167E0,2.347451262E0,2.139778043E0,-4.490942287E-1,3.207937520E0
9.489695167E0,2.754524476E0,2.948349150E0,6.667346120E-1,4.089584678E0
9.499653167E0,3.392039967E0,3.679601355E0,1.340319822E0,5.180912901E0
9.509612167E0,4.103205816E0,4.363719154E0,1.266605144E0,6.122306054E0
9.519570167E0,4.582035475E0,5.030825649E0,6.793610164E-1,6.838551542E0
9.529529542E0,5.040101672E0,5.671081730E0,1.563383205E-1,7.588691225E0
9.539488542E0,5.565256482E0,6.355366175E0,-2.234792666E-1,8.450603641E0
9.549446542E0,6.117254689E0,6.721020636E0,-2.939127798E-1,9.092816288E0
9.559405542E0,6.824794096E0,7.024764193E0,-1.903853416E-2,9.794155854E0
9.569363542E0,7.332204945E0,7.384530509E0,4.411116099E-1,1.041571407E1
9.579322542E0,7.558879277E0,7.680570944E0,1.012536607E0,1.082372655E1
9.589281542E0,7.622768878E0,7.738423296E0,1.462791946E0,1.096036317E1
9.599239542E0,7.546052824E0,7.685090257E0,1.719814643E0,1.090693760E1
9.609198542E0,7.382561751E0,7.442931914E0,1.798147452E0,1.063638979E1
9.619156542E0,7.214827353E0,7.039975140E0,1.767545025E0,1.023421707E1
9.629115542E0,7.183415526E0,6.654167665E0,1.776751174E0,9.951695869E0
9.639074542E0,7.208588374E0,6.260036679E0,1.825157934E0,9.720236985E0
9.649032542E0,7.152315356E0,5.776211159E0,1.928386579E0,9.393556573E0
9.658991542E0,6.726188405E0,5.172552801E0,2.091268811E0,8.739011282E0
9.668949542E0,5.912227920E0,4.506939685E0,2.296747570E0,7.780873582E0
9.678908542E0,5.020115889E0,3.821065382E0,2.498441866E0,6.785596211E0
9.688867542E0,4.168032142E0,3.194053245E0,2.654681515E0,5.884029402E0
9.698825542E0,3.459865329E0,2.574682249E0,2.717845477E0,5.097679944E0
9.708784542E0,2.909067263E0,1.942940884E0,2.601574178E0,4.359573353E0
9.718742542E0,2.472917015E0,1.486136516E0,2.359358386E0,3.726995077E0
9.728701542E0,2.125273732E0,1.156249473E0,2.062567753E0,3.179290332E0
9.738660542E0,1.796842353E0,8.395350373E-1,1.720012717E0,2.625243849E0
9.748618542E0,1.421466896E0,5.096123260E-1,1.397979215E0,2.057818929E0
9.758577542E0,9.881148335E-1,8.784622908E-2,1.105992070E0,1.485700624E0
9.768535542E0,5.288441107E-1,-3.369095492E-1,8.526491725E-1,1.058392531E0
9.778494542E0,1.566112393E-1,-7.139309978E-1,6.240043294E-1,9.610441994E-1
9.788453542E0,-1.582733104E-1,-9.979372787E-1,4.168724891E-1,1.093028785E0
9.798411542E0,-3.227282971E-1,-1.206690479E0,2.423635074E-1,1.272397554E0
9.808370542E0,-3.432786289E-1,-1.400153795E0,2.013543528E-2,1.441761527E0
9.818329542E0,-2.965240002E-1,-1.594000103E0,-2.234513462E-1,1.636671414E0
9.828287542E0,-3.053375083E-1,-1.725928491E0,-4.187635517E-1,1.802060782E0
9.838246542E0,-4.118515581E-1,-1.904008368E0,-4.768965697E-1,2.005567229E0
9.848204542E0,-5.635716015E-1,-2.213602064E0,-4.333178562E-1,2.324954067E0
9.858163542E0,-7.232432735E-1,-2.571864476E0,-4.217216581E-1,2.704702732E0
9.868122542E0,-9.209943527E-1,-2.922817867E0,-4.273004866E-1,3.094136485E0
9.878080542E0,-1.136098506E0,-3.252344137E0,-3.746544957E-1,3.465375621E0
9.888039542E0,-1.362445978E0,-3.566778159E0,-3.132727647E-1,3.830966628E0
9.897997542E0,-1.595219248E0,-3.859922469E0,-1.978370333E-1,4.181251655E0
9.907956542E0,-1.855578804E0,-4.061047976E0,-2.554999352E-2,4.464967655E0
9.917915542E0,-2.044043920E0,-4.271001610E0,1.899175644E-1,4.738738121E0
9.927873542E0,-2.221569626E0,-4.471323709E0,3.553540063E-1,5.005435425E0
9.937832542E0,-2.363646003E0,-4.662380896E0,4.542795396E-1,5.246997994E0
9.947790542E0,-2.386440935E0,-4.851296248E0,4.048518562E-1,5.421630811E0
9.957749542E0,-2.355707531E0,-5.068419737E0,2.734625816E-1,5.595803641E0
9.967708542E0,-2.314155462E0,-5.256898302E0,1.334089029E-1,5.745267026E0
9.977666542E0,-2.255716196E0,-5.417417235E0,2.181482870E-2,5.868316705E0
9.987625542E0,-2.134665676E0,-5.615495759E0,-8.945768517E-2,6.008210453E0
9.997583542E0,-2.108067131E0,-5.808961414E0,-1.273090144E-1,6.180953593E0
1.000754254E1,-2.223047364E0,-6.025249920E0,-4.128485084E-2,6.422404583E0
1.001750154E1,-2.302517457E0,-6.193545651E0,1.792393792E-1,6.610122625E0
1.002745954E1,-2.408894974E0,-6.232315614E0,3.965008628E-1,6.693410629E0
1.003741854E1,-2.520950722E0,-6.217497600E0,5.527653623E-1,6.731865900E0
1.004737654E1,-2.577329868E0,-6.191016730E0,5.447254407E-1,6.728153031E0
1.005733554E1,-2.604139937E0,-6.178414811E0,4.313490987E-1,6.718661803E0
1.006729454E1,-2.506870919E0,-6.129466599E0,2.246886170E-1,6.626103498E0
1.007725254E1,-2.320656104E0,-5.992134799E0,-8.624409199E-2,6.426395743E0
1.008721154E1,-2.139491968E0,-5.863507749E0,-4.143161595E-1,6.255382234E0
1.009716954E1,-1.967362657E0,-5.792414378E0,-5.782194614E-1,6.144665808E0
1.010712854E1,-1.903104534E0,-5.744591755E0,-5.336192393E-1,6.075104180E0
1.011708754E1,-2.041538096E0,-5.643650102E0,-2.898324466E-1,6.008549502E0
1.012704554E1,-2.148588335E0,-5.614071962E0,1.711597080E-2,6.011200278E0
1.013700454E1,-2.228252848E0,-5.627683695E0,2.403065300E-1,6.057530995E0
1.014696354E1,-2.266026738E0,-5.638187048E0,2.226023304E-1,6.080590610E0
1.015692154E1,-2.032712601E0,-5.481715558E0,-1.715274864E-1,5.848978342E0
1.016688054E1,-1.874743638E0,-5.092195686E0,-7.530126178E-1,5.478334474E0
1.017683854E1,-2.130781517E0,-4.811236973E0,-1.140851415E0,5.384215174E0
1.018679754E1,-2.444608598E0,-4.434233066E0,-1.034495314E0,5.168047469E0
1.019675654E1,-2.149656914E0,-3.627915477E0,-5.545353875E-1,4.253269924E0
1.020671454E1,-1.480481966E0,-2.567146357E0,-1.125414328E-1,2.965591483E0
1.021667354E1,-6.865657362E-1,-1.348460315E0,2.222093245E-1,1.529409924E0
1.022663154E1,4.724959552E-2,-1.277616620E-2,4.389529641E-1,4.416734760E-1
1.023659054E1,9.097156584E-1,1.054053592E0,3.974562979E-1,1.447958239E0
1.024654954E1,1.659453251E0,1.847986779E0,-1.602663338E-2,2.483766712E0
1.025650754E1,2.208407106E0,2.482050658E0,-6.131729472E-1,3.378404724E0
1.026646654E1,2.439320668E0,3.189334542E0,-7.740978236E-1,4.089176883E0
1.027642454E1,2.768685848E0,4.325674245E0,-1.160360943E-1,5.137172702E0
1.028638354E1,3.861143367E0,5.799983014E0,9.332887083E-1,7.029883276E0
1.029634254E1,5.461487700E0,7.011399212E0,1.683808512E0,9.045594393E0
1.030630054E1,7.120172626E0,7.670610797E0,1.894395837E0,1.063597028E1
1.031625954E1,8.168445661E0,8.321850872E0,1.951922353E0,1.182314287E1
1.032621754E1,8.804860121E0,8.896028738E0,2.029928157E0,1.268012214E1
1.033617654E1,9.464829504E0,9.181664638E0,2.122369420E0,1.335628747E1
1.034613554E1,9.814263790E0,9.096191209E0,2.499807191E0,1.361284336E1
1.035609354E1,9.895590373E0,9.035032257E0,3.230857374E0,1.378379324E1
1.036605254E1,9.796455510E0,8.858077970E0,3.992050831E0,1.379755615E1
1.037601054E1,9.477612687E0,8.436777896E0,4.693368216E0,1.352893450E1
1.038596954E1,8.913690838E0,7.744772787E0,5.163266838E0,1.288777383E1
1.039592854E1,8.132847812E0,6.866492345E0,5.250714287E0,1.186852692E1
1.040588654E1,7.286597832E0,5.966632168E0,4.909217012E0,1.062052819E1
1.041584554E1,6.540756240E0,5.152062988E0,4.313864039E0,9.377348675E0
1.042580354E1,5.805730827E0,4.371538635E0,3.640994529E0,8.128573161E0
1.043576254E1,4.967825409E0,3.628473886E0,3.032572152E0,6.858688350E0
1.044572154E1,4.007293938E0,2.967312840E0,2.546999191E0,5.599156639E0
1.045567954E1,3.034002673E0,2.320021389E0,2.196429084E0,4.405901972E0
1.046563854E1,2.173770247E0,1.726919594E0,1.974068536E0,3.406534156E0
1.047559654E1,1.513182812E0,1.237982438E0,1.826033847E0,2.675205104E0
1.048555554E1,1.157682626E0,8.394736415E-1,1.628733588E0,2.167422007E0
1.049551454E1,1.067318001E0,5.008929580E-1,1.340571252E0,1.785271058E0
1.050547254E1,1.147940872E0,1.530456072E-1,9.443696205E-1,1.494331015E0
1.051543154E1,1.170875698E0,-2.050688696E-1,6.176320338E-1,1.339579214E0
1.052539054E1,1.008794973E0,-5.250156462E-1,3.798841723E-1,1.199008220E0
1.053534929E1,6.742734271E-1,-8.329095572E-1,3.125716104E-1,1.116281325E0
1.054530829E1,2.670984721E-1,-1.240677420E0,4.042823374E-1,1.331940788E0
1.055526629E1,-1.511642656E-1,-1.653809518E0,5.886666086E-1,1.761949186E0
1.056522529E1,-5.546779865E-1,-2.061608371E0,6.799422296E-1,2.240584339E0
1.057518429E1,-8.777059534E-1,-2.455584991E0,5.329303642E-1,2.661631109E0
1.058514229E1,-1.077654709E0,-2.841237515E0,2.279870313E-1,3.047285410E0
1.059510129E1,-1.219604347E0,-3.228530182E0,-1.019158359E-1,3.452713243E0
1.060505929E1,-1.382670620E0,-3.547309270E0,-3.839843130E-1,3.826568313E0
1.061501829E1,-1.506250353E0,-3.857047977E0,-5.602264094E-1,4.178452208E0
1.062497729E1,-1.619006160E0,-4.159446090E0,-6.338861239E-1,4.508212988E0
1.063493529E1,-1.855498697E0,-4.595922028E0,-5.772277737E-1,4.989846351E0
1.064489429E1,-2.060753362E0,-4.885733424E0,-2.936693895E-1,5.310681427E0
1.065485229E1,-2.258235908E0,-5.125326009E0,3.619075884E-2,5.600884385E0
1.066481129E1,-2.449103499E0,-5.306399660E0,3.188603640E-1,5.853004120E0
1.067477029E1,-2.614000096E0,-5.409322350E0,4.816983032E-1,6.027088687E0
1.068472829E1,-2.654482124E0,-5.479825737E0,4.913333452E-1,6.108696581E0
1.069468729E1,-2.413900921E0,-5.470716945E0,2.889506682E-1,5.986581164E0
1.070464529E1,-1.980704980E0,-5.401993450E0,-1.152766689E-1,5.754825294E0
1.071460429E1,-1.606335828E0,-5.380597318E0,-4.772345388E-1,5.635503092E0
1.072456329E1,-1.418707156E0,-5.425529662E0,-6.387685490E-1,5.644211847E0
1.073452129E1,-1.407746989E0,-5.571984873E0,-6.645945311E-1,5.785365408E0
1.074448029E1,-1.509907202E0,-5.858109600E0,-6.071467336E-1,6.079958470E0
1.075443829E1,-1.693064070E0,-6.125035579E0,-3.890877263E-1,6.366625170E0
1.076439729E1,-1.856669310E0,-6.223861710E0,-1.055855119E-1,6.495754291E0
1.077435629E1,-2.015464192E0,-6.205303232E0,7.416374445E-2,6.524828302E0
1.078431429E1,-2.129382717E0,-6.117355846E0,2.210668699E-1,6.481140630E0
1.079427329E1,-2.027155699E0,-5.994454390E0,3.280521870E-1,6.336439213E0
1.080423129E1,-1.899551035E0,-5.720803528E0,3.711870968E-1,6.039343259E0
1.081419029E1,-1.721546734E0,-5.409180847E0,3.059473546E-1,5.684765992E0
1.082414929E1,-1.575574942E0,-5.122970166E0,1.590887046E-1,5.362142197E0
1.083410729E1,-1.545310485E0,-4.937108815E0,4.672978719E-2,5.173510570E0
1.084406629E1,-1.564595333E0,-4.898764529E0,-1.435935831E-1,5.144557472E0
1.085402429E1,-1.701731836E0,-5.056093222E0,-3.500096512E-1,5.346258193E0
1.086398329E1,-1.756125852E0,-5.139529481E0,-3.738218522E-1,5.444123811E0
1.087394229E1,-1.557016903E0,-4.958568097E0,-2.682433569E-1,5.204195779E0
1.088390029E1,-1.717158983E0,-4.380571999E0,3.917457243E-2,4.705271582E0
1.089385929E1,-1.911727862E0,-3.809773239E0,4.932699430E-1,4.290966183E0
1.090381829E1,-1.838246780E0,-3.396252885E0,8.162601954E-1,3.947146513E0
1.091377629E1,-1.552903533E0,-2.895400858E0,6.664668095E-1,3.352466781E0
1.092373529E1,-9.462341514E-1,-2.409123600E0,1.906813569E-3,2.588288861E0
1.093369329E1,-3.414116129E-1,-1.925760010E0,-7.784819198E-1,2.105029122E0
1.094365229E1,1.143159896E-2,-1.380062177E0,-1.307728027E0,1.901277172E0
1.095361129E1,2.687248752E-1,-7.682066077E-1,-1.310346994E0,1.542518621E0
1.096356929E1,1.889855182E-1,9.972894073E-2,-8.628619194E-1,8.889274884E-1
1.097352829E1,5.217178166E-2,1.044851829E0,-2.031738601E-1,1.065700172E0
1.098348629E1,8.255976140E-3,1.722881507E0,2.755533998E-1,1.744797560E0
1.099344529E1,1.720794636E-1,2.362891420E0,3.406611228E-1,2.393515658E0
1.100340429E1,6.924629456E-1,3.266365761E0,1.661287522E-1,3.343089735E0
1.101336229E1,1.767596335E0,4.226936992E0,-1.636704366E-1,4.584558992E0
1.102332129E1,3.136431858E0,5.173939176E0,-6.231740248E-1,6.082367734E0
1.103327929E1,4.446725643E0,6.148782291E0,-1.162269182E0,7.676702564E0
1.104323829E1,5.505780943E0,7.172029828E0,-1.560805460E0,9.175388239E0
1.105319729E1,6.441726626E0,7.946231001E0,-1.695264523E0,1.036881627E1
1.106315529E1,7.134670213E0,8.432974282E0,-1.382802329E0,1.113241737E1
1.107311429E1,7.520268357E0,9.015064015E0,-3.743861085E-1,1.174589206E1
1.108307229E1,7.710267783E0,9.254685252E0,8.087681580E-1,1.207276001E1
1.109303129E1,8.048650246E0,9.140616599E0,1.889074579E0,1.232478176E1
1.110299029E1,8.511486601E0,8.848087417E0,2.600559102E0,1.254977939E1
1.111294829E1,8.750263499E0,8.545025060E0,2.935471242E0,1.257782000E1
1.112290729E1,8.776301735E0,8.129579803E0,2.989401866E0,1.233085818E1
1.113286529E1,8.412001489E0,7.578269228E0,2.896886343E0,1.168691080E1
1.114282429E1,7.669510351E0,6.870088382E0,2.849138857E0,1.068349641E1
1.115278329E1,6.898479538E0,6.229273893E0,3.096490113E0,9.796995671E0
1.116274129E1,6.017489496E0,5.258989266E0,3.381708521E0,8.677735906E0
1.117270029E1,5.080828114E0,4.362313483E0,3.663306334E0,7.633112507E0
1.118265829E1,4.292931884E0,3.487115693E0,3.719334354E0,6.665034738E0
1.119261729E1,3.576935942E0,2.745590515E0,3.616354362E0,5.780203879E0
1.120257629E1,2.868996294E0,2.171247173E0,3.391590608E0,4.944526355E0
1.121253429E1,2.075976442E0,1.627636212E0,3.060548447E0,4.040524053E0
1.122249329E1,1.329805943E0,1.102906494E0,2.674336345E0,3.183843820E0
1.123245129E1,8.052858487E-1,5.555848897E-1,2.266420548E0,2.468566784E0
1.124241029E1,4.553522113E-1,2.040678263E-2,1.768557032E0,1.826350473E0
1.125236929E1,3.109789020E-1,-5.503680038E-1,1.165030822E0,1.325484678E0
1.126232729E1,2.400454518E-1,-1.060099028E0,5.805022144E-1,1.232239664E0
1.127228629E1,2.470428148E-1,-1.475587555E0,5.203722261E-2,1.497029277E0
1.128224529E1,1.777641267E-1,-1.878133854E0,-3.402453127E-1,1.916964718E0
1.129220329E1,7.865089774E-3,-2.153435969E0,-4.886973838E-1,2.208205938E0
1.130216229E1,-2.234332198E-1,-2.386161584E0,-4.075521370E-1,2.431005606E0
1.131212029E1,-4.128286278E-1,-2.814444988E0,-2.499672997E-1,2.855523020E0
1.132207929E1,-6.593238509E-1,-3.359781463E0,-6.098704398E-2,3.424406348E0
1.133203829E1,-9.658822578E-1,-3.963063844E0,7.523846269E-2,4.079762787E0
1.134199629E1,-1.262738087E0,-4.514315947E0,1.682641554E-1,4.690614968E0
1.135195529E1,-1.581530624E0,-4.968987250E0,2.415648508E-1,5.220194152E0
1.136191329E1,-2.004457685E0,-5.237075071E0,3.511171138E-1,5.618548669E0
1.137187229E1,-2.425716536E0,-5.374886343E0,5.588721943E-1,5.923330317E0
1.138183129E1,-2.677587982E0,-5.514110886E0,7.196530831E-1,6.171936230E0
1.139178929E1,-2.635925693E0,-5.649349383E0,7.109372234E-1,6.274446944E0
1.140174829E1,-2.300020403E0,-5.752198398E0,5.346553659E-1,6.218017098E0
1.141170629E1,-1.803024614E0,-5.752086132E0,2.228607774E-1,6.032168727E0
1.142166529E1,-1.292477903E0,-5.652968810E0,-1.962138462E-1,5.802159543E0
1.143162429E1,-1.093028281E0,-5.621841742E0,-4.457624487E-1,5.744433789E0
1.144158229E1,-1.129340075E0,-5.771943861E0,-4.637940923E-1,5.899648286E0
1.145154129E1,-1.359713867E0,-5.997042367E0,-3.231217782E-1,6.157738760E0
1.146149929E1,-1.679126208E0,-6.218637223E0,-1.478175751E-1,6.443039947E0
1.147145829E1,-2.031379728E0,-6.391977346E0,1.290246606E-1,6.708243090E0
1.148141729E1,-2.301519045E0,-6.527493585E0,3.575923204E-1,6.930586893E0
1.149137529E1,-2.502885750E0,-6.609967393E0,4.095553200E-1,7.079819317E0
1.150133429E1,-2.705680345E0,-6.564856124E0,3.453447060E-1,7.108959489E0
1.151129229E1,-2.702131670E0,-6.405075694E0,1.080051263E-1,6.952566095E0
1.152125129E1,-2.570787126E0,-6.099943423E0,-1.732658271E-1,6.621803172E0
1.153120946E1,-2.412001600E0,-5.705220698E0,-3.451365451E-1,6.203741949E0
1.154116746E1,-2.227720166E0,-5.259819571E0,-3.460791528E-1,5.722605162E0
1.155112646E1,-2.101105728E0,-4.889399629E0,-3.241193497E-1,5.331597074E0
1.156108446E1,-2.082770175E0,-4.652393267E0,-3.605767393E-1,5.110059716E0
1.157104346E1,-2.108226467E0,-4.548656645E0,-4.696635640E-1,5.035422522E0
1.158100246E1,-2.150354341E0,-4.558811504E0,-6.388200045E-1,5.080834294E0
1.159096046E1,-2.300005201E0,-4.510977772E0,-7.055227017E-1,5.112407130E0
1.160091946E1,-2.393242855E0,-4.210953628E0,-5.262178338E-1,4.872026994E0
1.161087846E1,-2.271102121E0,-3.776563393E0,-3.155724746E-1,4.418135567E0
1.162083646E1,-1.662261668E0,-3.250889350E0,-3.279136080E-1,3.665913632E0
1.163079546E1,-8.742616510E-1,-2.634598083E0,-4.930617821E-1,2.819317367E0
1.164075346E1,6.299907088E-2,-2.115165943E0,-7.566484165E-1,2.247312323E0
1.165071246E1,7.256833166E-1,-1.610993282E0,-1.019873108E0,2.040111954E0
1.166067146E1,9.579557723E-1,-1.286618409E0,-1.190590171E0,1.997641396E0
1.167062946E1,7.482515225E-1,-1.115147640E0,-1.058845385E0,1.710142728E0
1.168058846E1,8.948812723E-2,-7.144157320E-1,-3.656546076E-1,8.075278665E-1
1.169054646E1,-3.745153320E-1,-2.564243799E-1,7.480973753E-1,8.750227879E-1
1.170050546E1,-3.505832630E-1,5.632447422E-1,1.917844049E0,2.029354346E0
1.171046446E1,3.013093615E-1,1.674304594E0,2.622428273E0,3.125893992E0
1.172042246E1,1.551243801E0,2.685805659E0,2.505016767E0,3.986855700E0
1.173038146E1,2.845467098E0,3.537761936E0,1.732347419E0,4.859369311E0
1.174033946E1,3.965800341E0,4.155941269E0,6.907736850E-1,5.785895649E0
1.175029846E1,4.890980131E0,4.489883357E0,-3.067480029E-1,6.646415089E0
1.176025746E1,5.542844104E0,4.703110262E0,-9.573122862E-1,7.332040215E0
1.177021546E1,5.663838199E0,5.022781050E0,-8.268731841E-1,7.615189550E0
1.178017446E1,5.519956348E0,5.353827596E0,1.445548654E-1,7.691182231E0
1.179013346E1,5.424896994E0,5.479881871E0,1.349929136E0,7.828213167E0
1.180009146E1,5.297875004E0,5.521466099E0,2.349564739E0,8.004656264E0
1.181005046E1,5.292099125E0,5.445851660E0,3.003534294E0,8.166078111E0
1.182000846E1,5.326460872E0,5.162773333E0,3.220566567E0,8.086869785E0
1.182996746E1,5.140838673E0,4.748516230E0,3.056087022E0,7.636510756E0
1.183992546E1,4.755667959E0,4.192999168E0,2.637538648E0,6.866893758E0
1.184988446E1,4.286254072E0,3.569152713E0,2.176599422E0,5.987354182E0
1.185984346E1,3.722384262E0,2.914119549E0,1.883187895E0,5.088677037E0
1.186980146E1,2.976146228E0,2.319266514E0,1.884940013E0,4.217753239E0
1.187976046E1,2.125675144E0,1.853672027E0,2.019228044E0,3.468699568E0
1.188971946E1,1.341890384E0,1.517699786E0,2.038801014E0,2.874159359E0
1.189967746E1,6.976862633E-1,1.262378776E0,1.871097314E0,2.362492636E0
1.190963646E1,2.486294568E-1,1.000455090E0,1.478806739E0,1.802663686E0
1.191959446E1,2.343154728E-2,6.912584192E-1,9.473962855E-1,1.173007656E0
1.192955346E1,-1.038676000E-1,4.258135396E-1,4.174765795E-1,6.053035134E-1
1.193951246E1,-2.508303487E-1,2.046607339E-1,-2.328741342E-2,3.245676871E-1
1.194947046E1,-3.872698635E-1,-3.453716397E-2,-3.466369772E-1,5.208915020E-1
1.195942946E1,-5.049532646E-1,-2.749121064E-1,-5.479800010E-1,7.942521937E-1
1.196938746E1,-6.342392957E-1,-4.735461152E-1,-5.905477309E-1,9.875484950E-1
1.197934646E1,-8.064704946E-1,-6.275723004E-1,-4.073652819E-1,1.100085507E0
1.198930546E1,-1.015300586E0,-7.837876832E-1,-6.427990347E-2,1.284246985E0
1.199926346E1,-1.176205143E0,-8.984135753E-1,2.550084767E-1,1.501877097E0
1.200922246E1,-1.269926070E0,-9.761476296E-1,3.888184986E-1,1.648258548E0
1.201918046E1,-1.266194084E0,-1.028374960E0,3.087993523E-1,1.660168533E0
1.202913946E1,-1.130955295E0,-1.032934619E0,8.164788812E-2,1.533844902E0
1.203909846E1,-8.773770475E-1,-1.005686009E0,-1.829187396E-1,1.347090976E0
1.204905646E1,-6.906044081E-1,-9.977723873E-1,-3.767372739E-1,1.270596379E0
1.205901546E1,-6.397839180E-1,-1.025215709E0,-4.520286539E-1,1.290240526E0
1.206897346E1,-7.220276374E-1,-1.017198007E0,-3.757771611E-1,1.302775564E0
1.207893246E1,-8.848220149E-1,-9.855943912E-1,-2.441553135E-1,1.346817775E0
1.208889146E1,-2.293353993E-1,-8.711035699E-1,-3.772603074E-1,9.765968945E-1
1.209884946E1,7.668743196E-1,-2.376975024E-1,-5.537045713E-1,9.752871767E-1
1.210880846E1,5.820797932E-1,-1.530859530E-1,-3.008559099E-1,6.728792412E-1
1.211876746E1,1.080346767E0,-8.546992064E-2,-4.434890878E-1,1.170955514E0
1.212872546E1,7.336782146E-1,3.455704451E-3,-3.371071851E-1,8.074261072E-1
1.213868446E1,4.461367071E-1,-1.167314744E-1,-4.147476840E-1,6.202256363E-1
1.214864246E1,1.511557871E-1,-2.888811046E-1,-4.390539747E-1,5.468717924E-1
1.215860146E1,-9.857499272E-2,-3.724863482E-1,-3.408926725E-1,5.144617799E-1
1.216856046E1,-2.016961956E-1,-4.114603794E-1,-3.154151845E-1,5.562982453E-1
1.217851846E1,-2.089321250E-1,-4.311228114E-1,-2.693297696E-1,5.495980679E-1
1.218847746E1,-1.752577177E-1,-4.178355986E-1,-9.667508617E-2,4.633011195E-1
1.219843546E1,-1.570012486E-1,-4.009570259E-1,1.380863830E-1,4.521988256E-1
1.220839446E1,-1.200056228E-1,-4.235395575E-1,2.644219092E-1,5.135231760E-1
1.221835346E1,-1.250459227E-1,-3.922329801E-1,2.828554027E-1,4.994901123E-1
1.222831146E1,-1.412427101E-1,-3.277487165E-1,1.981421117E-1,4.082021812E-1
1.223827046E1,-1.457053050E-1,-2.805125695E-1,5.861000463E-2,3.214847901E-1
1.224822846E1,-1.805292749E-1,-2.320087463E-1,-1.334844781E-1,3.228575280E-1
1.225818746E1,-2.416823798E-1,-1.789540350E-1,-2.541305172E-1,3.937222869E-1
1.226814646E1,-2.870298761E-1,-1.300911927E-1,-2.755196321E-1,4.185939989E-1
1.227810446E1,-2.943827498E-1,-8.115233660E-2,-1.739491108E-1,3.514330637E-1
1.228806346E1,-1.984422201E-1,-2.078743637E-2,-4.094688177E-2,2.036862277E-1
1.229802146E1,-2.901505351E-2,4.022533536E-2,4.460723877E-2,6.670649658E-2
1.230798046E1,1.579786107E-1,5.108010650E-2,1.505997169E-1,2.241577423E-1
1.231793946E1,3.121015674E-1,2.176567554E-2,2.834157121E-1,4.221440499E-1
1.232789746E1,4.051629281E-1,1.521036208E-2,4.254315703E-1,5.876907132E-1
1.233785646E1,3.943102035E-1,1.194586158E-3,4.542650677E-1,6.015303113E-1
1.234781446E1,2.587770072E-1,-3.405359924E-2,3.362662093E-1,4.256761100E-1
1.235777346E1,7.146320790E-2,-4.424646556E-2,2.018931006E-1,2.186905665E-1
1.236773246E1,-4.672948569E-2,1.205695868E-2,8.037158713E-2,9.374757118E-2
1.237769046E1,-6.595951617E-2,8.532724857E-2,-1.880523026E-2,1.094761792E-1
1.238764946E1,-1.097522378E-3,1.571971303E-1,-1.175147089E-1,1.962698376E-1
1.239760846E1,6.760901570E-2,1.784850883E-1,-1.955507720E-1,2.732544788E-1
1.240756646E1,1.004960954E-1,1.239738357E-1,-1.982627106E-1,2.545134172E-1
1.241752546E1,1.589790693E-1,3.574169040E-2,-1.315284383E-1,2.094076001E-1
1.242748346E1,2.671964130E-1,-5.725008845E-3,-3.528809264E-2,2.695773513E-1
1.243744246E1,2.879046196E-1,-4.593280256E-2,9.751460016E-2,3.074215177E-1
1.244740146E1,2.414622322E-1,-6.832120657E-2,2.333844499E-1,3.426953433E-1
1.245735946E1,2.072612831E-1,-8.208028972E-2,3.380743146E-1,4.049551279E-1
1.246731846E1,2.939167267E-1,-3.062654614E-2,3.392162758E-1,4.498807724E-1
1.247727646E1,3.392294320E-1,4.180232942E-2,2.977124467E-1,4.532733648E-1
1.248723546E1,2.969233650E-1,4.856931210E-2,2.816618398E-1,4.121357237E-1
1.249719446E1,2.168346369E-1,6.311484575E-3,2.194547743E-1,3.085733180E-1
1.250715246E1,1.285837805E-1,-6.422523201E-2,1.642570585E-1,2.182637173E-1
1.251711146E1,4.582404435E-2,-9.270585001E-2,1.459137583E-1,1.788436259E-1
1.252706946E1,-2.553362131E-2,-1.255654478E-1,1.517235518E-1,1.985917512E-1
1.253702829E1,-1.005817571E-1,-1.905981803E-1,1.256174880E-1,2.494476087E-1
1.254698729E1,-1.787487978E-1,-2.106131995E-1,5.555234939E-2,2.817713896E-1
1.255694529E1,-2.981094727E-1,-1.713900769E-1,-3.342502356E-2,3.454866833E-1
1.256690429E1,-3.937772298E-1,-1.430357587E-1,-6.899363637E-2,4.245937551E-1
1.257686229E1,-5.331877148E-1,-1.344882989E-1,-4.449111307E-1,7.073345432E-1
1.258682129E1,-4.744053635E-1,-6.477662444E-2,-7.673524757E-1,9.044812225E-1
1.259678029E1,-2.426039010E-1,-8.062082469E-2,-2.983913085E-1,3.929296924E-1
1.260673829E1,-2.630542454E-1,-1.141440815E-1,-3.206282696E-1,4.301498514E-1
1.261669729E1,-6.967922240E-2,-1.094540298E-1,-3.386745313E-1,3.626786688E-1
1.262665529E1,-2.118592411E-2,-7.053203881E-2,-1.150960082E-1,1.366407808E-1
1.263661429E1,-2.453023911E-2,-1.302151537E-1,3.079670012E-2,1.360373317E-1
1.264657329E1,-3.940175503E-2,-1.587571675E-1,1.934346646E-2,1.647134063E-1
1.265653129E1,-8.958606809E-2,-1.376153898E-1,2.425717413E-3,1.642240641E-1
1.266649029E1,-5.226124406E-2,-1.281996185E-1,3.555808783E-2,1.429362005E-1
1.267644829E1,6.806451380E-3,-1.128670496E-1,2.797731891E-1,3.017587381E-1
1.268640729E1,9.669598997E-2,-8.644406676E-2,8.200012439E-1,8.301955982E-1
1.269636629E1,4.624709040E-1,-5.657707393E-2,1.207840334E0,1.294588187E0